order,id,date,time,title,url,visitCount,typedCount,transition
0,4489,3/16/2026,22:45:15,Export Chrome History - Chrome Web Store,https://chromewebstore.google.com/detail/export-chrome-history/dihloblpkeiddiaojbagoecedbfpifdj,1,0,link
1,4487,3/16/2026,22:43:40,Export Chrome History - Chrome Web Store,https://chromewebstore.google.com/detail/export-chrome-history/dihloblpkeiddiaojbagoecedbfpifdj?utm_source=ext_app_menu,1,0,link
2,4486,3/16/2026,22:43:24,Chrome Web Store,https://chromewebstore.google.com/?utm_source=ext_app_menu,1,0,auto_bookmark
3,4485,3/16/2026,22:42:02,Google's products and services - About Google,https://about.google/products/,1,0,link
4,4484,3/16/2026,22:35:07,Download WhatsApp,https://www.whatsapp.com/download,1,0,link
5,4483,3/16/2026,22:35:02,whatsapp - Google Search,https://www.google.com/search?gs_ssp=eJzj4tLP1TcoSzLJKctRYDRgdGDw4ijPSCwpTiwoAABiYAe2&q=whatsapp&oq=&gs_lcrp=EgZjaHJvbWUqEggAEC4YJxjHARjqAhjRAxitBjISCAAQLhgnGMcBGOoCGNEDGK0GMgkIARAjGCcY6gIyCQgCECMYJxjqAjIMCAMQIxgnGOoCGK0GMgkIBBAuGCcY6gIyCQgFECMYJxjqAjIJCAYQIxgnGOoCMgwIBxAjGCcY6gIYrQYyGAgIEAAYQhiRAhi0AhjqAhiABBiKBRjnBjIYCAkQABhCGJECGLQCGOoCGIAEGIoFGOcGMhgIChAAGEIYkQIYtAIY6gIYgAQYigUY5wYyGAgLEAAYQhiRAhi0AhjqAhiABBiKBRjnBtIBCTIyNDJqMGoxNagCDLACAfEFhH0aW4lbnbDxBYR9GluJW52w&sourceid=chrome&ie=UTF-8,1,0,generated
6,123,3/16/2026,22:33:26,(55) WhatsApp,https://web.whatsapp.com/,16,0,auto_bookmark
7,123,3/16/2026,22:33:21,(55) WhatsApp,https://web.whatsapp.com/,16,0,link
8,4482,3/16/2026,22:33:18,whatsapp - Google Search,https://www.google.com/search?gs_ssp=eJzj4tLP1TcoSzLJKctRYDRgdGDw4ijPSCwpTiwoAABiYAe2&q=whatsapp&oq=what&gs_lcrp=EgZjaHJvbWUqEwgBEC4YgwEYxwEYsQMY0QMYgAQyBwgAEAAYjwIyEwgBEC4YgwEYxwEYsQMY0QMYgAQyDQgCEAAYgwEYsQMYgAQyDQgDEAAYgwEYsQMYgAQyEggEEAAYChiDARixAxiABBiKBTIGCAUQRRhBMgYIBhBFGDwyBggHEEUYPNIBCDM1MDVqMGo3qAIAsAIA&sourceid=chrome&ie=UTF-8,1,0,generated
9,123,3/16/2026,22:31:39,(55) WhatsApp,https://web.whatsapp.com/,16,0,auto_bookmark
10,4481,3/16/2026,22:28:49,Google Gemini,https://gemini.google.com/app/da1503304b2b4ebb,1,0,link
11,1158,3/16/2026,22:28:20,Google Gemini,https://gemini.google.com/app,33,0,auto_bookmark
12,4334,3/16/2026,22:27:36,Grow | LinkedIn,https://www.linkedin.com/mynetwork/grow/,5,0,link
13,4333,3/16/2026,22:27:35,Feed | LinkedIn,https://www.linkedin.com/mynetwork,2,0,link
14,4119,3/16/2026,22:25:14,Savitribai Phule Pune University: Overview | LinkedIn,https://www.linkedin.com/feed/,17,0,link
15,4479,3/16/2026,22:25:12,Riddhi Bhorde | LinkedIn,https://www.linkedin.com/in/riddhi-bhorde-0b06002a9/,5,0,link
16,4480,3/16/2026,22:25:10,Savitribai Phule Pune University: Overview | LinkedIn,https://www.linkedin.com/school/university-of-pune/,1,0,link
17,4479,3/16/2026,22:23:49,Riddhi Bhorde | LinkedIn,https://www.linkedin.com/in/riddhi-bhorde-0b06002a9/,5,0,link
18,4479,3/16/2026,22:23:40,Riddhi Bhorde | LinkedIn,https://www.linkedin.com/in/riddhi-bhorde-0b06002a9/,5,0,link
19,4479,3/16/2026,22:23:16,Riddhi Bhorde | LinkedIn,https://www.linkedin.com/in/riddhi-bhorde-0b06002a9/,5,0,link
20,4479,3/16/2026,22:23:13,Riddhi Bhorde | LinkedIn,https://www.linkedin.com/in/riddhi-bhorde-0b06002a9/,5,0,link
21,4478,3/16/2026,22:23:11,Feed | LinkedIn,https://www.linkedin.com/in/riddhi-bhorde-0b06002a9/?skipRedirect=true,1,0,link
22,4119,3/16/2026,22:18:18,Savitribai Phule Pune University: Overview | LinkedIn,https://www.linkedin.com/feed/,17,0,link
23,4119,3/16/2026,22:17:23,Savitribai Phule Pune University: Overview | LinkedIn,https://www.linkedin.com/feed/,17,0,link
24,4477,3/16/2026,22:17:21,Feed | LinkedIn,https://www.linkedin.com/feed?nis=true&%27%27=true&skipRedirect=true&lipi=urn%3Ali%3Apage%3Ad_flagship3_feed%3B%2BaAwOIthTpCZTYO64Xwnnw%3D%3D,1,0,link
25,4475,3/16/2026,22:17:13,Top job picks for you | LinkedIn,https://www.linkedin.com/jobs/collections/recommended/?currentJobId=4386323039&origin=JYMBII_IN_APP_NOTIFICATION&originToLandingJobPostings=4386323039%2C4384977631,2,0,link
26,4476,3/16/2026,22:17:10,Top job picks for you | LinkedIn,https://www.linkedin.com/jobs/collections/recommended/?currentJobId=4384977631&origin=JYMBII_IN_APP_NOTIFICATION&originToLandingJobPostings=4386323039%2C4384977631,1,0,link
27,4475,3/16/2026,22:17:06,Top job picks for you | LinkedIn,https://www.linkedin.com/jobs/collections/recommended/?currentJobId=4386323039&origin=JYMBII_IN_APP_NOTIFICATION&originToLandingJobPostings=4386323039%2C4384977631,2,0,link
28,4474,3/16/2026,22:17:06,Top job picks for you | LinkedIn,https://www.linkedin.com/jobs/collections/recommended/?origin=JYMBII_IN_APP_NOTIFICATION&originToLandingJobPostings=4386323039%2C4384977631,1,0,link
29,4122,3/16/2026,22:17:01,LinkedIn,https://www.linkedin.com/notifications/?filter=all,9,4,typed
30,4473,3/16/2026,22:16:55,LinkedIn,https://www.linkedin.com/analytics/post-summary/urn:li:activity:7438234175981146112/,1,0,link
31,4122,3/16/2026,22:16:44,LinkedIn,https://www.linkedin.com/notifications/?filter=all,9,4,typed
32,355,3/16/2026,22:15:07,"Inbox (3,729) - sumitsharma78437@gmail.com - Gmail",https://mail.google.com/mail/u/0/?tab=rm&ogbl#inbox,18,0,link
33,4472,3/16/2026,22:14:54,Beware of fraudsters impersonating foundit partners - sumitsharma78437@gmail.com - Gmail,https://mail.google.com/mail/u/0/?tab=rm&ogbl#inbox/FMfcgzQfCMxWvgPNNgJWcxTvhTpStjPB,1,0,link
34,355,3/16/2026,22:14:37,"Inbox (3,729) - sumitsharma78437@gmail.com - Gmail",https://mail.google.com/mail/u/0/?tab=rm&ogbl#inbox,18,0,link
35,296,3/16/2026,22:14:33,"Inbox (3,729) - sumitsharma78437@gmail.com - Gmail",https://mail.google.com/mail/u/0/?tab=rm&ogbl,6,0,link
36,602,3/16/2026,22:14:12,Internshala Trainings,https://trainings.internshala.com/pgc/dashboard/data-science-specialization-v3/course_details/,42,0,link
37,585,3/16/2026,22:14:00,Data Science Course Overview - Internshala Trainings,https://trainings.internshala.com/pgc/dashboard/data-science-specialization-v3/overview/,176,0,link
38,583,3/16/2026,22:13:56,Internshala Trainings,https://trainings.internshala.com/dashboard/specializations/?tracking_source=signup,99,0,link
39,582,3/16/2026,22:13:47,Data Science Placement Course with AI,https://trainings.internshala.com/data-science-placement-guarantee-course/?utm_source=is_web_custom_homepage_banner,93,0,link
40,581,3/16/2026,22:13:43,Internships | Jobs | Trainings & Placement Courses | Post a Job,https://internshala.com/student/dashboard,79,11,typed
41,4471,3/16/2026,18:22:59,SumitSharma_InternshalaResume (3).pdf,file:///C:/Users/sony/Downloads/SumitSharma_InternshalaResume%20(3).pdf,1,0,link
42,4470,3/16/2026,18:21:15,Subscribe to LinkedIn Premium | LinkedIn,https://www.linkedin.com/premium/survey/?isSS=false&referenceId=PG1XuHYtTPy78mmtweuQDw%3D%3D&upsellOrderOrigin=Tracking%3Av1%3Apremium_nav_upsell_text%3ANav%3AIn-Product,1,0,link
43,4119,3/16/2026,18:21:09,Savitribai Phule Pune University: Overview | LinkedIn,https://www.linkedin.com/feed/,17,0,link
44,1464,3/16/2026,18:20:39,sumit Sharma | LinkedIn,https://www.linkedin.com/in/sumit-sharma-880840278/,19,0,link
45,3351,3/16/2026,18:20:28,Internships | Jobs | Trainings & Placement Courses | Post a Job,https://internshala.com/student/resume?source=placement_hub_resume&course_url=data-science-specialization-v3,38,0,link
46,4255,3/16/2026,18:20:28,Internships | Jobs | Trainings & Placement Courses | Post a Job,https://internshala.com/student/resume?source=placement_hub_resume&course_url=data-science-specialization-v3#work-sample,12,0,link
47,3351,3/16/2026,18:20:26,Internships | Jobs | Trainings & Placement Courses | Post a Job,https://internshala.com/student/resume?source=placement_hub_resume&course_url=data-science-specialization-v3,38,0,link
48,4255,3/16/2026,18:20:26,Internships | Jobs | Trainings & Placement Courses | Post a Job,https://internshala.com/student/resume?source=placement_hub_resume&course_url=data-science-specialization-v3#work-sample,12,0,link
49,3351,3/16/2026,18:19:48,Internships | Jobs | Trainings & Placement Courses | Post a Job,https://internshala.com/student/resume?source=placement_hub_resume&course_url=data-science-specialization-v3,38,0,link
50,4255,3/16/2026,18:19:48,Internships | Jobs | Trainings & Placement Courses | Post a Job,https://internshala.com/student/resume?source=placement_hub_resume&course_url=data-science-specialization-v3#work-sample,12,0,link
51,3351,3/16/2026,18:19:44,Internships | Jobs | Trainings & Placement Courses | Post a Job,https://internshala.com/student/resume?source=placement_hub_resume&course_url=data-science-specialization-v3,38,0,link
52,4255,3/16/2026,18:19:44,Internships | Jobs | Trainings & Placement Courses | Post a Job,https://internshala.com/student/resume?source=placement_hub_resume&course_url=data-science-specialization-v3#work-sample,12,0,link
53,4469,3/16/2026,18:19:33,Edit your public profile | LinkedIn,https://www.linkedin.com/public-profile/settings/?trk=d_flagship3_profile_self_view_public_profile&lipi=urn%3Ali%3Apage%3Ad_flagship3_profile_view_base%3B0TfrrQa5QEuZxDj9%2BumPaQ%3D%3D,1,0,link
54,1464,3/16/2026,18:19:27,sumit Sharma | LinkedIn,https://www.linkedin.com/in/sumit-sharma-880840278/,19,0,link
55,4257,3/16/2026,18:19:27,Feed | LinkedIn,https://www.linkedin.com/in/sumit-sharma-880840278/?skipRedirect=true,5,0,link
56,3351,3/16/2026,18:19:02,Internships | Jobs | Trainings & Placement Courses | Post a Job,https://internshala.com/student/resume?source=placement_hub_resume&course_url=data-science-specialization-v3,38,0,link
57,4255,3/16/2026,18:19:02,Internships | Jobs | Trainings & Placement Courses | Post a Job,https://internshala.com/student/resume?source=placement_hub_resume&course_url=data-science-specialization-v3#work-sample,12,0,link
58,3351,3/16/2026,18:18:59,Internships | Jobs | Trainings & Placement Courses | Post a Job,https://internshala.com/student/resume?source=placement_hub_resume&course_url=data-science-specialization-v3,38,0,link
59,4255,3/16/2026,18:18:59,Internships | Jobs | Trainings & Placement Courses | Post a Job,https://internshala.com/student/resume?source=placement_hub_resume&course_url=data-science-specialization-v3#work-sample,12,0,link
60,4286,3/16/2026,18:18:49,sumitsharma-11/Projects: This repo is all about my data science projects,https://github.com/sumitsharma-11/Projects,40,0,link
61,3351,3/16/2026,18:18:23,Internships | Jobs | Trainings & Placement Courses | Post a Job,https://internshala.com/student/resume?source=placement_hub_resume&course_url=data-science-specialization-v3,38,0,link
62,4255,3/16/2026,18:18:23,Internships | Jobs | Trainings & Placement Courses | Post a Job,https://internshala.com/student/resume?source=placement_hub_resume&course_url=data-science-specialization-v3#work-sample,12,0,link
63,3351,3/16/2026,18:18:15,Internships | Jobs | Trainings & Placement Courses | Post a Job,https://internshala.com/student/resume?source=placement_hub_resume&course_url=data-science-specialization-v3,38,0,link
64,4255,3/16/2026,18:18:15,Internships | Jobs | Trainings & Placement Courses | Post a Job,https://internshala.com/student/resume?source=placement_hub_resume&course_url=data-science-specialization-v3#work-sample,12,0,link
65,3351,3/16/2026,18:17:51,Internships | Jobs | Trainings & Placement Courses | Post a Job,https://internshala.com/student/resume?source=placement_hub_resume&course_url=data-science-specialization-v3,38,0,link
66,4255,3/16/2026,18:17:51,Internships | Jobs | Trainings & Placement Courses | Post a Job,https://internshala.com/student/resume?source=placement_hub_resume&course_url=data-science-specialization-v3#work-sample,12,0,link
67,3351,3/16/2026,18:17:40,Internships | Jobs | Trainings & Placement Courses | Post a Job,https://internshala.com/student/resume?source=placement_hub_resume&course_url=data-science-specialization-v3,38,0,link
68,4255,3/16/2026,18:17:40,Internships | Jobs | Trainings & Placement Courses | Post a Job,https://internshala.com/student/resume?source=placement_hub_resume&course_url=data-science-specialization-v3#work-sample,12,0,link
69,3351,3/16/2026,18:17:18,Internships | Jobs | Trainings & Placement Courses | Post a Job,https://internshala.com/student/resume?source=placement_hub_resume&course_url=data-science-specialization-v3,38,0,link
70,4468,3/16/2026,18:17:17,Internships | Jobs | Trainings & Placement Courses | Post a Job,https://internshala.com/student/resume?utm_source=placement_hub_resume&source=placement_hub_resume&course_url=data-science-specialization-v3&alp=dWlkPTIwNzk2MTUyJm10eXBlPWFsbyZzZD0yMDI2LTAzLTE2JnJzPTk0Nzk1N2FlJnNpZz02ZTQwYjA5MmFmNTk0M2E0ZjU0ZjQ3YjRiODhlZjllMGYwMjNjNjQ2NWEwZTY2YTFjZWFlMzhiODk4OGMzMzdh,1,0,link
71,786,3/16/2026,18:17:13,Internshala Trainings,https://trainings.internshala.com/pgc/dashboard/data-science-specialization-v3/placement_hub/home/,33,0,link
72,585,3/16/2026,18:17:04,Data Science Course Overview - Internshala Trainings,https://trainings.internshala.com/pgc/dashboard/data-science-specialization-v3/overview/,176,0,link
73,585,3/16/2026,18:17:04,Data Science Course Overview - Internshala Trainings,https://trainings.internshala.com/pgc/dashboard/data-science-specialization-v3/overview/,176,0,link
74,602,3/16/2026,18:16:47,Internshala Trainings,https://trainings.internshala.com/pgc/dashboard/data-science-specialization-v3/course_details/,42,0,link
75,585,3/16/2026,18:16:37,Data Science Course Overview - Internshala Trainings,https://trainings.internshala.com/pgc/dashboard/data-science-specialization-v3/overview/,176,0,link
76,583,3/16/2026,18:16:34,Internshala Trainings,https://trainings.internshala.com/dashboard/specializations/?tracking_source=signup,99,0,link
77,582,3/16/2026,18:16:30,Data Science Placement Course with AI,https://trainings.internshala.com/data-science-placement-guarantee-course/?utm_source=is_web_custom_homepage_banner,93,0,link
78,581,3/16/2026,18:16:27,Internships | Jobs | Trainings & Placement Courses | Post a Job,https://internshala.com/student/dashboard,79,11,typed
79,4119,3/16/2026,18:15:37,Savitribai Phule Pune University: Overview | LinkedIn,https://www.linkedin.com/feed/,17,0,link
80,4467,3/16/2026,18:15:34,Feed | LinkedIn,https://www.linkedin.com/feed?nis=true&%27%27=true&skipRedirect=true&lipi=urn%3Ali%3Apage%3Ad_flagship3_notifications%3B5aba753f-5175-4ca6-80c0-36ccb554ca8d,1,0,link
81,4122,3/16/2026,18:15:19,LinkedIn,https://www.linkedin.com/notifications/?filter=all,9,4,typed
82,4286,3/16/2026,18:15:02,sumitsharma-11/Projects: This repo is all about my data science projects,https://github.com/sumitsharma-11/Projects,40,0,typed
83,4465,3/16/2026,18:14:30,sumitsharma-11/Projects: This repo is all about my data science projects,https://github.com/sumitsharma-11/Projects#,4,0,link
84,4465,3/16/2026,18:14:25,sumitsharma-11/Projects: This repo is all about my data science projects,https://github.com/sumitsharma-11/Projects#,4,0,link
85,4465,3/16/2026,18:14:25,sumitsharma-11/Projects: This repo is all about my data science projects,https://github.com/sumitsharma-11/Projects#,4,0,link
86,4465,3/16/2026,18:14:25,sumitsharma-11/Projects: This repo is all about my data science projects,https://github.com/sumitsharma-11/Projects#,4,0,link
87,4286,3/16/2026,18:13:57,sumitsharma-11/Projects: This repo is all about my data science projects,https://github.com/sumitsharma-11/Projects,40,0,link
88,4286,3/16/2026,18:13:57,sumitsharma-11/Projects: This repo is all about my data science projects,https://github.com/sumitsharma-11/Projects,40,0,link
89,4286,3/16/2026,18:13:56,sumitsharma-11/Projects: This repo is all about my data science projects,https://github.com/sumitsharma-11/Projects,40,0,link
90,4291,3/16/2026,18:13:53,Issues · sumitsharma-11/Projects,https://github.com/sumitsharma-11/Projects/issues,10,0,link
91,4291,3/16/2026,18:13:53,Issues · sumitsharma-11/Projects,https://github.com/sumitsharma-11/Projects/issues,10,0,link
92,4291,3/16/2026,18:13:53,Issues · sumitsharma-11/Projects,https://github.com/sumitsharma-11/Projects/issues,10,0,link
93,4291,3/16/2026,18:13:52,Issues · sumitsharma-11/Projects,https://github.com/sumitsharma-11/Projects/issues,10,0,link
94,4447,3/16/2026,18:13:49,Pulse · sumitsharma-11/Projects,https://github.com/sumitsharma-11/Projects/pulls,3,0,link
95,4464,3/16/2026,18:13:45,Pulse · sumitsharma-11/Projects,https://github.com/sumitsharma-11/Projects/actions/new,1,0,link
96,4463,3/16/2026,18:13:33,Pulse · sumitsharma-11/Projects,https://github.com/sumitsharma-11/Projects/pulse,3,0,link
97,4463,3/16/2026,18:13:33,Pulse · sumitsharma-11/Projects,https://github.com/sumitsharma-11/Projects/pulse,3,0,link
98,4463,3/16/2026,18:13:32,Pulse · sumitsharma-11/Projects,https://github.com/sumitsharma-11/Projects/pulse,3,0,link
99,4460,3/16/2026,18:13:21,Projects · Projects,https://github.com/sumitsharma-11/Projects/projects?query=is%3Aopen,4,0,link
100,4460,3/16/2026,18:13:20,Projects · Projects,https://github.com/sumitsharma-11/Projects/projects?query=is%3Aopen,4,0,link
101,4460,3/16/2026,18:13:11,Projects · Projects,https://github.com/sumitsharma-11/Projects/projects?query=is%3Aopen,4,0,link
102,4461,3/16/2026,18:13:07,View 1 · @sumitsharma-11's untitled project,https://github.com/users/sumitsharma-11/projects/1,3,0,link
103,4461,3/16/2026,18:13:05,View 1 · @sumitsharma-11's untitled project,https://github.com/users/sumitsharma-11/projects/1,3,0,form_submit
104,4462,3/16/2026,18:13:02,View 1 · @sumitsharma-11's untitled project,https://github.com/users/sumitsharma-11/projects/1?system_template=bug_tracker,3,0,link
105,4462,3/16/2026,18:12:55,View 1 · @sumitsharma-11's untitled project,https://github.com/users/sumitsharma-11/projects/1?system_template=bug_tracker,3,0,form_submit
106,4462,3/16/2026,18:12:53,View 1 · @sumitsharma-11's untitled project,https://github.com/users/sumitsharma-11/projects/1?system_template=bug_tracker,3,0,link
107,4461,3/16/2026,18:12:51,View 1 · @sumitsharma-11's untitled project,https://github.com/users/sumitsharma-11/projects/1,3,0,form_submit
108,4460,3/16/2026,18:12:39,Projects · Projects,https://github.com/sumitsharma-11/Projects/projects?query=is%3Aopen,4,0,link
109,4286,3/16/2026,18:12:21,sumitsharma-11/Projects: This repo is all about my data science projects,https://github.com/sumitsharma-11/Projects,40,0,link
110,4459,3/16/2026,18:12:09,Projects/WebScrapping.ipynb at main · sumitsharma-11/Projects,https://github.com/sumitsharma-11/Projects/blob/main/WebScrapping.ipynb,1,0,link
111,4286,3/16/2026,18:11:58,sumitsharma-11/Projects: This repo is all about my data science projects,https://github.com/sumitsharma-11/Projects,40,0,link
112,4458,3/16/2026,18:11:40,Projects/Document 2.pdf at main · sumitsharma-11/Projects,https://github.com/sumitsharma-11/Projects/blob/main/Document%202.pdf,1,0,link
113,4286,3/16/2026,18:11:35,sumitsharma-11/Projects: This repo is all about my data science projects,https://github.com/sumitsharma-11/Projects,40,0,link
114,4457,3/16/2026,18:11:12,Projects/Cleaning_EDA_MLmodel.ipynb at main · sumitsharma-11/Projects,https://github.com/sumitsharma-11/Projects/blob/main/Cleaning_EDA_MLmodel.ipynb,1,0,link
115,4286,3/16/2026,18:11:03,sumitsharma-11/Projects: This repo is all about my data science projects,https://github.com/sumitsharma-11/Projects,40,0,link
116,4456,3/16/2026,18:10:55,Projects/CapstoneProject.pbix at main · sumitsharma-11/Projects,https://github.com/sumitsharma-11/Projects/blob/main/CapstoneProject.pbix,1,0,link
117,4286,3/16/2026,18:10:49,sumitsharma-11/Projects: This repo is all about my data science projects,https://github.com/sumitsharma-11/Projects,40,0,link
118,4455,3/16/2026,18:10:36,Add files via upload · sumitsharma-11/Projects@d799f66,https://github.com/sumitsharma-11/Projects/commit/d799f66e865eba0f32ab8dd5c68c67d5d4641d19,1,0,link
119,4286,3/16/2026,18:10:06,sumitsharma-11/Projects: This repo is all about my data science projects,https://github.com/sumitsharma-11/Projects,40,0,link
120,4293,3/16/2026,18:10:02,Processing your files…,https://github.com/sumitsharma-11/Projects/upload,6,0,form_submit
121,4292,3/16/2026,18:09:03,Upload files · sumitsharma-11/Projects,https://github.com/sumitsharma-11/Projects/upload/main,8,0,link
122,4286,3/16/2026,18:08:57,sumitsharma-11/Projects: This repo is all about my data science projects,https://github.com/sumitsharma-11/Projects,40,0,link
123,4452,3/16/2026,18:08:40,Projects/MachineLearningProject.ipynb at main · sumitsharma-11/Projects,https://github.com/sumitsharma-11/Projects/blob/main/MachineLearningProject.ipynb,2,0,link
124,4453,3/16/2026,18:08:24,Projects/MachineLearningProject.ipynb at main · sumitsharma-11/Projects,https://github.com/sumitsharma-11/Projects/blob/main/MachineLearningProject.ipynb?short_path=4ddfe4f,2,0,link
125,4454,3/16/2026,18:08:10,Editing Projects/MachineLearningProject.ipynb at main · sumitsharma-11/Projects,https://github.com/sumitsharma-11/Projects/edit/main/MachineLearningProject.ipynb,1,0,link
126,4453,3/16/2026,18:07:50,Projects/MachineLearningProject.ipynb at main · sumitsharma-11/Projects,https://github.com/sumitsharma-11/Projects/blob/main/MachineLearningProject.ipynb?short_path=4ddfe4f,2,0,link
127,4452,3/16/2026,18:07:35,Projects/MachineLearningProject.ipynb at main · sumitsharma-11/Projects,https://github.com/sumitsharma-11/Projects/blob/main/MachineLearningProject.ipynb,2,0,link
128,4286,3/16/2026,18:07:25,sumitsharma-11/Projects: This repo is all about my data science projects,https://github.com/sumitsharma-11/Projects,40,0,link
129,4293,3/16/2026,18:07:22,Processing your files…,https://github.com/sumitsharma-11/Projects/upload,6,0,form_submit
130,4292,3/16/2026,18:06:33,Upload files · sumitsharma-11/Projects,https://github.com/sumitsharma-11/Projects/upload/main,8,0,link
131,4286,3/16/2026,18:06:24,sumitsharma-11/Projects: This repo is all about my data science projects,https://github.com/sumitsharma-11/Projects,40,0,link
132,4450,3/16/2026,18:06:22,Projects/Task 1.sql at main · sumitsharma-11/Projects,https://github.com/sumitsharma-11/Projects/blob/main/Task%201.sql,3,0,link
133,4451,3/16/2026,18:06:20,Blaming Projects/Task 1.sql at main · sumitsharma-11/Projects,https://github.com/sumitsharma-11/Projects/blame/main/Task%201.sql,2,0,link
134,4450,3/16/2026,18:06:09,Projects/Task 1.sql at main · sumitsharma-11/Projects,https://github.com/sumitsharma-11/Projects/blob/main/Task%201.sql,3,0,link
135,4451,3/16/2026,18:06:00,Blaming Projects/Task 1.sql at main · sumitsharma-11/Projects,https://github.com/sumitsharma-11/Projects/blame/main/Task%201.sql,2,0,link
136,4450,3/16/2026,18:05:35,Projects/Task 1.sql at main · sumitsharma-11/Projects,https://github.com/sumitsharma-11/Projects/blob/main/Task%201.sql,3,0,link
137,4286,3/16/2026,18:05:26,sumitsharma-11/Projects: This repo is all about my data science projects,https://github.com/sumitsharma-11/Projects,40,0,link
138,4293,3/16/2026,18:05:22,Processing your files…,https://github.com/sumitsharma-11/Projects/upload,6,0,form_submit
139,4292,3/16/2026,18:04:14,Upload files · sumitsharma-11/Projects,https://github.com/sumitsharma-11/Projects/upload/main,8,0,link
140,4449,3/16/2026,18:03:57,sumitsharma-11/Projects: This repo is all about my data science projects,https://github.com/sumitsharma-11/Projects/tree/main,1,0,link
141,4448,3/16/2026,18:03:53,sumitsharma-11/Projects at Excel-Project,https://github.com/sumitsharma-11/Projects/tree/Excel-Project,3,0,link
142,4287,3/16/2026,18:03:49,Branches · sumitsharma-11/Projects,https://github.com/sumitsharma-11/Projects/branches,10,0,link
143,4448,3/16/2026,18:03:35,sumitsharma-11/Projects at Excel-Project,https://github.com/sumitsharma-11/Projects/tree/Excel-Project,3,0,link
144,4287,3/16/2026,18:03:20,Branches · sumitsharma-11/Projects,https://github.com/sumitsharma-11/Projects/branches,10,0,link
145,4448,3/16/2026,18:03:07,sumitsharma-11/Projects at Excel-Project,https://github.com/sumitsharma-11/Projects/tree/Excel-Project,3,0,link
146,4286,3/16/2026,18:03:03,sumitsharma-11/Projects: This repo is all about my data science projects,https://github.com/sumitsharma-11/Projects,40,0,link
147,4286,3/16/2026,18:03:03,sumitsharma-11/Projects: This repo is all about my data science projects,https://github.com/sumitsharma-11/Projects,40,0,link
148,4286,3/16/2026,18:03:02,sumitsharma-11/Projects: This repo is all about my data science projects,https://github.com/sumitsharma-11/Projects,40,0,link
149,4447,3/16/2026,18:02:55,Pulse · sumitsharma-11/Projects,https://github.com/sumitsharma-11/Projects/pulls,3,0,link
150,4447,3/16/2026,18:02:55,Pulse · sumitsharma-11/Projects,https://github.com/sumitsharma-11/Projects/pulls,3,0,link
151,4286,3/16/2026,18:02:48,sumitsharma-11/Projects: This repo is all about my data science projects,https://github.com/sumitsharma-11/Projects,40,0,link
152,4446,3/16/2026,18:01:37,Projects/Spotify_Project_Presentation.pptx at main · sumitsharma-11/Projects,https://github.com/sumitsharma-11/Projects/blob/main/Spotify_Project_Presentation.pptx,1,0,link
153,4286,3/16/2026,18:01:28,sumitsharma-11/Projects: This repo is all about my data science projects,https://github.com/sumitsharma-11/Projects,40,0,link
154,4286,3/16/2026,18:01:28,sumitsharma-11/Projects: This repo is all about my data science projects,https://github.com/sumitsharma-11/Projects,40,0,link
155,4286,3/16/2026,18:01:28,sumitsharma-11/Projects: This repo is all about my data science projects,https://github.com/sumitsharma-11/Projects,40,0,link
156,4445,3/16/2026,18:00:47,Excel Project by sumitsharma-11 · Pull Request #1 · sumitsharma-11/Projects,https://github.com/sumitsharma-11/Projects/pull/1,1,0,form_submit
157,4444,3/16/2026,17:59:28,Comparing main...Excel-Project · sumitsharma-11/Projects,https://github.com/sumitsharma-11/Projects/compare/main...Excel-Project?expand=1,1,0,link
158,4293,3/16/2026,17:59:24,Processing your files…,https://github.com/sumitsharma-11/Projects/upload,6,0,form_submit
159,4292,3/16/2026,17:55:08,Upload files · sumitsharma-11/Projects,https://github.com/sumitsharma-11/Projects/upload/main,8,0,link
160,4286,3/16/2026,17:55:04,sumitsharma-11/Projects: This repo is all about my data science projects,https://github.com/sumitsharma-11/Projects,40,0,link
161,4443,3/16/2026,17:55:00,New File at / · sumitsharma-11/Projects,https://github.com/sumitsharma-11/Projects/new/main,1,0,link
162,4286,3/16/2026,17:54:49,sumitsharma-11/Projects: This repo is all about my data science projects,https://github.com/sumitsharma-11/Projects,40,0,link
163,4442,3/16/2026,17:54:15,Projects/BarclaysProject.ipynb at main · sumitsharma-11/Projects,https://github.com/sumitsharma-11/Projects/blob/main/BarclaysProject.ipynb,1,0,link
164,4286,3/16/2026,17:53:43,sumitsharma-11/Projects: This repo is all about my data science projects,https://github.com/sumitsharma-11/Projects,40,0,link
165,4293,3/16/2026,17:53:40,Processing your files…,https://github.com/sumitsharma-11/Projects/upload,6,0,form_submit
166,4292,3/16/2026,17:53:19,Upload files · sumitsharma-11/Projects,https://github.com/sumitsharma-11/Projects/upload/main,8,0,link
167,4286,3/16/2026,17:53:10,sumitsharma-11/Projects: This repo is all about my data science projects,https://github.com/sumitsharma-11/Projects,40,0,reload
168,4287,3/16/2026,17:53:10,Branches · sumitsharma-11/Projects,https://github.com/sumitsharma-11/Projects/branches,10,0,link
169,4290,3/16/2026,17:53:09,Branches · sumitsharma-11/Projects,https://github.com/sumitsharma-11/Projects/branches/yours,4,0,link
170,4439,3/16/2026,17:53:08,Branches · sumitsharma-11/Projects,https://github.com/sumitsharma-11/Projects/branches/active,2,0,link
171,4440,3/16/2026,17:53:07,Branches · sumitsharma-11/Projects,https://github.com/sumitsharma-11/Projects/branches/stale,2,0,link
172,4441,3/16/2026,17:52:59,Branches · sumitsharma-11/Projects,https://github.com/sumitsharma-11/Projects/branches/all,1,0,link
173,4440,3/16/2026,17:52:55,Branches · sumitsharma-11/Projects,https://github.com/sumitsharma-11/Projects/branches/stale,2,0,link
174,4439,3/16/2026,17:52:54,Branches · sumitsharma-11/Projects,https://github.com/sumitsharma-11/Projects/branches/active,2,0,link
175,4290,3/16/2026,17:52:52,Branches · sumitsharma-11/Projects,https://github.com/sumitsharma-11/Projects/branches/yours,4,0,link
176,4287,3/16/2026,17:52:49,Branches · sumitsharma-11/Projects,https://github.com/sumitsharma-11/Projects/branches,10,0,link
177,4286,3/16/2026,17:52:33,sumitsharma-11/Projects: This repo is all about my data science projects,https://github.com/sumitsharma-11/Projects,40,0,reload
178,4287,3/16/2026,17:52:29,Branches · sumitsharma-11/Projects,https://github.com/sumitsharma-11/Projects/branches,10,0,link
179,4286,3/16/2026,17:52:18,sumitsharma-11/Projects: This repo is all about my data science projects,https://github.com/sumitsharma-11/Projects,40,0,reload
180,4286,3/16/2026,17:52:12,sumitsharma-11/Projects: This repo is all about my data science projects,https://github.com/sumitsharma-11/Projects,40,0,link
181,4286,3/16/2026,17:52:11,sumitsharma-11/Projects: This repo is all about my data science projects,https://github.com/sumitsharma-11/Projects,40,0,link
182,4292,3/16/2026,17:51:06,Upload files · sumitsharma-11/Projects,https://github.com/sumitsharma-11/Projects/upload/main,8,0,link
183,4286,3/16/2026,17:50:56,sumitsharma-11/Projects: This repo is all about my data science projects,https://github.com/sumitsharma-11/Projects,40,0,link
184,4165,3/16/2026,17:50:49,GitHub,https://github.com/,6,2,link
185,4438,3/16/2026,17:50:45,git hub - Google Search,https://www.google.com/search?q=git+hub&oq=git+&gs_lcrp=EgZjaHJvbWUqBggBEEUYOzIGCAAQRRg5MgYIARBFGDsyDggCEEUYJxg7GIAEGIoFMgwIAxBFGDsYsQMYgAQyDwgEEC4YChjHARjRAxiABDIGCAUQRRg8MgYIBhBFGDwyBggHEEUYPNIBCDI1NDFqMGo3qAIIsAIB8QWQofydw5NGEvEFkKH8ncOTRhI&sourceid=chrome&ie=UTF-8,1,0,generated
186,4427,3/15/2026,21:27:11,Deccan AI Experts,https://platform.deccanexperts.ai/,2,0,link
187,4436,3/15/2026,21:26:55,Deccan AI Experts | Thank You for Applying - sumitsharma78437@gmail.com - Gmail,https://mail.google.com/mail/u/0/?tab=rm&ogbl#inbox/FMfcgzQfCMxWcrzgBMkkxzjLQXXLjRJH,1,0,link
188,355,3/15/2026,21:26:50,"Inbox (3,729) - sumitsharma78437@gmail.com - Gmail",https://mail.google.com/mail/u/0/?tab=rm&ogbl#inbox,18,0,link
189,355,3/15/2026,21:26:50,"Inbox (3,729) - sumitsharma78437@gmail.com - Gmail",https://mail.google.com/mail/u/0/?tab=rm&ogbl#inbox,18,0,link
190,296,3/15/2026,21:26:46,"Inbox (3,729) - sumitsharma78437@gmail.com - Gmail",https://mail.google.com/mail/u/0/?tab=rm&ogbl,6,0,link
191,4434,3/15/2026,21:26:35,Jobs where you’d be a top applicant | LinkedIn,https://www.linkedin.com/jobs/collections/top-applicant/?currentJobId=4384939509,3,0,link
192,4435,3/15/2026,21:26:16,Jobs where you’d be a top applicant | LinkedIn,https://www.linkedin.com/jobs/collections/top-applicant/?currentJobId=4386021912,1,0,link
193,4434,3/15/2026,21:26:12,Jobs where you’d be a top applicant | LinkedIn,https://www.linkedin.com/jobs/collections/top-applicant/?currentJobId=4384939509,3,0,link
194,4434,3/15/2026,21:26:12,Jobs where you’d be a top applicant | LinkedIn,https://www.linkedin.com/jobs/collections/top-applicant/?currentJobId=4384939509,3,0,link
195,4433,3/15/2026,21:26:12,Top job picks for you | LinkedIn,https://www.linkedin.com/jobs/collections/top-applicant/,1,0,link
196,4407,3/15/2026,21:25:53,Top job picks for you | LinkedIn,https://www.linkedin.com/jobs/,2,0,link
197,4432,3/15/2026,21:25:52,Feed | LinkedIn,https://www.linkedin.com/jobs/?skipRedirect=true&=true,1,0,link
198,4428,3/15/2026,21:25:33,Top job picks for you | LinkedIn,https://www.linkedin.com/jobs/collections/recommended/?currentJobId=4383578977,4,0,link
199,4431,3/15/2026,21:25:23,Taj Shabana | LinkedIn,https://www.linkedin.com/in/taj-shabana-5ab9772b4/,1,0,link
200,4430,3/15/2026,21:25:22,Feed | LinkedIn,https://www.linkedin.com/in/taj-shabana-5ab9772b4?skipRedirect=true,1,0,link
201,4428,3/15/2026,21:25:15,Top job picks for you | LinkedIn,https://www.linkedin.com/jobs/collections/recommended/?currentJobId=4383578977,4,0,link
202,4429,3/15/2026,21:25:13,Top job picks for you | LinkedIn,https://www.linkedin.com/jobs/collections/recommended/post-apply/next-best-action/?currentJobId=4383578977&postApplyJobId=4383578977,1,0,link
203,4428,3/15/2026,21:25:10,Top job picks for you | LinkedIn,https://www.linkedin.com/jobs/collections/recommended/?currentJobId=4383578977,4,0,link
204,4428,3/15/2026,21:24:25,Top job picks for you | LinkedIn,https://www.linkedin.com/jobs/collections/recommended/?currentJobId=4383578977,4,0,link
205,4413,3/15/2026,21:24:18,Deccan AI Experts,https://deccanexperts.ai/,2,0,link
206,4411,3/15/2026,21:24:16,Deccan AI Experts,https://deccanexperts.ai/?utm_medium=Data_Analyst_(Freelancer)&utm_source=LinkedIn&utm_campaign=Technology_Data&utm_id=2921,2,0,link
207,4410,3/15/2026,21:24:08,Top job picks for you | LinkedIn,https://www.linkedin.com/jobs/collections/recommended/?currentJobId=4380378669,2,0,link
208,1464,3/15/2026,21:22:16,sumit Sharma | LinkedIn,https://www.linkedin.com/in/sumit-sharma-880840278/,19,0,link
209,4257,3/15/2026,21:22:15,Feed | LinkedIn,https://www.linkedin.com/in/sumit-sharma-880840278/?skipRedirect=true,5,0,link
210,4427,3/15/2026,21:21:31,Deccan AI Experts,https://platform.deccanexperts.ai/,2,0,link
211,4426,3/15/2026,21:21:21,Deccan AI Experts,https://authentication.deccanexperts.ai/?step=mobileOtp&mobile=7690014396&country=%2B91,2,0,link
212,4426,3/15/2026,21:21:21,Deccan AI Experts,https://authentication.deccanexperts.ai/?step=mobileOtp&mobile=7690014396&country=%2B91,2,0,link
213,4425,3/15/2026,21:21:21,Deccan AI Experts | Authentication,https://authentication.deccanexperts.ai/?step=mobile&mobile=7690014396&country=%2B91,2,0,link
214,4425,3/15/2026,21:21:21,Deccan AI Experts | Authentication,https://authentication.deccanexperts.ai/?step=mobile&mobile=7690014396&country=%2B91,2,0,link
215,4424,3/15/2026,21:21:09,Deccan AI Experts | Authentication,https://authentication.deccanexperts.ai/?step=mobile,1,0,link
216,4375,3/15/2026,21:21:07,Sign In - Google Accounts,https://accounts.google.com/gsi/transform,2,0,form_submit
217,4423,3/15/2026,21:21:06,,https://accounts.google.com/signin/oauth/consent?as=JKQ1qMGBg20NyhZDua1yhc6LMV742Pj52IEwJf8xjs4&authuser=0&client_id=585271548120-gtbmfqbtlcbslgjiihhl1t1nlvtrqsq1.apps.googleusercontent.com&flowName=GeneralOAuthFlow&part=AJi8hAMDfQqUSmheYBg2rWWRffOwNK3hWe-2u3C2QV9v80CL30aqcNdWifnZM4yJIGEzcyTkUfjs6dk-DIFKfuWPNihetgiz6SHsVN0ywlCLUuV3zjEg33iTInHnQuAnJbaJLFYLGqdq9-ZCjC5qK3S1qNHvlKeSqxG6LYgSUakMQAO5tCbaq4GjPZPx4Ma1lERNoWRSvKS8cxOguI5V0l2wCGW1ucHSsnf-uG90ZLHOQJ1CRTIly2jEMGwAjCLyMkLd-KhVl_gz5ekTWgOCaUSU0j5RymMqOEOCsLazb5BvDdFa3_C-oyrZXTB3YaK7GMPnypwOR4ye6L-gF3U1Qj8L_U3nE8tieZXvPwsPJtPudkHrHOkveHUK_Mj2Ca9u-tu7WuBn9G1QojAlk_pi7GXc4aQbhKZuDG7EWJblqBxuKMg5u7PO2SW1-KooOdDCZtkGfkEDHEm3qBj1AXoMshpKm24-tHyb9TNihZpKNHSXUPru4g9ihu71MbAeQeeRpqzVfmcJ-MdDyt1uApzwVnq0i0ruVMXFqhYqg3RNrszybO3jdKykZCLjLb6uEKLFG0g0kus23pE06pNXo7wDymJIVd-NUj9rfEivPjhyLgs6S4nR6Jrk99WxWVMoG6hEyIaDAqBi3YGSE83ksrDhgRq3N8f-VijXMeYIjTG8PxjK8Sxi3kzKTxmTBDnlezf8gZbYvx-6st1oTidJYzSlaVAmaCRJdda6CS1lzcio3HgFy_OPX-36Fh2spugUs6iXMqCBlpOZwRtMRcWbFIsXJCDJfuO7PSHdedqGd6Nnk4qhW71UlvjfuNrFc7ttuZxk2SYiNQVlgaLj0c63IREi2iSvTkirSgDGf_kzcFAwmiNku_2yM9RyEnsIPTF_mtZWsc18BOw2d037&rapt=AEjHL4OusLKm9op4iA4uenox7AgPEkj61fBl9maCuQHgwFpkMs5bllOwDMoy149sbHgQsQk3mhtkMP48Z6d7YveFJ12fCRkQMMRpJr8mE0KRwfgFsWwGg9w&xsrf=AIfcflIi4uaDKzCuptYkWc7l3IGT%3A1773589861215,1,0,link
218,4422,3/15/2026,21:21:01,Sign in – Google accounts,https://accounts.google.com/signin/oauth/id?authuser=0&part=AJi8hAMaecVxGzkfhnPqU1qXR2yVzj2evYx2fnI4uJzdGv3gx6cyAC1wBrga3IkKh8ZohQNlpGjody_L3en7JL5jY64ngK8_9VU-eeCgLNIQGBB99iqVrbrkJAfnFgPs3WWW91iGjuDD9PIrAPmPasZ3jZ-TLUt6Q72K5JpwAFL34SqmxvfDTqIApuQkhkQLa7wxynaRVZZCT2wbNrQikeYlNUDj1OOArgYS9tHQL7kfi3M-rqiBPRsoWWp2ZMUoVtRTPqMtd9XgH99ssPHr7VwtKjnCE2_prqODPTdhmFRL4aEoI4la9xu6tBMI8UllFohXmljxDqLB8Y82zU2-GokCU8q5rv1NG8F9EdDFp6_FD3mq2NRMoSdSJJ0xYegNLW3Y1-GFWWuA8NTjC12AhzCCmQ0D7qFA6kwH15ltMPjC0ZBwQZVTUeAjqhq9wGRgkDGpS4JCOfqmMR4TbEOxX3BUOqoSua1gAWHO2iK8EdVUXwfKwo-SMlyCKnWzolpHcrjY1PlF96id_YXt2myKpAsFtrWwSh3sKFQ8NC3uudn68-9AIsFeSUI_-HU1uvLDuWNlgDR0kQXhRfS3UK7x8TGS67W722erpsUUh-h8LbBiVcwaSaNFCsa6GuhAiHdz9wcGnMqHNtVyGbWjZ7gM0n-4BeRnn35-q-NVkSMwq6GQaQXgLH0u0I-8r_psenKeKGCQiLKLBhRbCku3yQvHzXAkKuAKBeA6e4tsnSafO4p0STqEVctc-kVSAxnIiwTIU4MVyyKsyqNnANX1JgiyNPGN4E0P3P2WjBvw8uihwCmC8tdRBb9p9ennp4FSwwTpqZiVHFg6QL7p-VEGZNplnEf45Zx57Wij-nk3vi6TvJPb9rH2T07gsU1imfzPqEqMJpZqi8a4Cmyg&flowName=GeneralOAuthFlow&as=JKQ1qMGBg20NyhZDua1yhc6LMV742Pj52IEwJf8xjs4&client_id=585271548120-gtbmfqbtlcbslgjiihhl1t1nlvtrqsq1.apps.googleusercontent.com&rapt=AEjHL4OusLKm9op4iA4uenox7AgPEkj61fBl9maCuQHgwFpkMs5bllOwDMoy149sbHgQsQk3mhtkMP48Z6d7YveFJ12fCRkQMMRpJr8mE0KRwfgFsWwGg9w&requestPath=%2Fsignin%2Foauth%2Fconsent#,1,0,link
219,4416,3/15/2026,21:20:55,Sign in – Google accounts,https://accounts.google.com/v3/signin/accountchooser?as=JKQ1qMGBg20NyhZDua1yhc6LMV742Pj52IEwJf8xjs4&client_id=585271548120-gtbmfqbtlcbslgjiihhl1t1nlvtrqsq1.apps.googleusercontent.com&display=popup&gis_params=CidodHRwczovL2F1dGhlbnRpY2F0aW9uLmRlY2NhbmV4cGVydHMuYWkSDWdpc190cmFuc2Zvcm0YByorSktRMXFNR0JnMjBOeWhaRHVhMXloYzZMTVY3NDJQajUySUV3SmY4eGpzNDJINTg1MjcxNTQ4MTIwLWd0Ym1mcWJ0bGNic2xnamlpaGhsMXQxbmx2dHJxc3ExLmFwcHMuZ29vZ2xldXNlcmNvbnRlbnQuY29tOAFCQDA0OTQyM2VkM2VmZDU5MGE3M2I3MzhhNTBlZDUyODU0ZGUzMmYyOWY3OGU4NzJlZjM4NjM0NjA5OTMyZmE2NGI&gsiwebsdk=gis_attributes&origin=https%3A%2F%2Fauthentication.deccanexperts.ai&prompt=select_account&redirect_uri=gis_transform&response_mode=form_post&response_type=id_token&scope=openid+email+profile&dsh=JKQ1qMGBg20NyhZDua1yhc6LMV742Pj52IEwJf8xjs4&o2v=1&service=lso&flowName=GeneralOAuthFlow&opparams=%253Fgis_params%253DCidodHRwczovL2F1dGhlbnRpY2F0aW9uLmRlY2NhbmV4cGVydHMuYWkSDWdpc190cmFuc2Zvcm0YByorSktRMXFNR0JnMjBOeWhaRHVhMXloYzZMTVY3NDJQajUySUV3SmY4eGpzNDJINTg1MjcxNTQ4MTIwLWd0Ym1mcWJ0bGNic2xnamlpaGhsMXQxbmx2dHJxc3ExLmFwcHMuZ29vZ2xldXNlcmNvbnRlbnQuY29tOAFCQDA0OTQyM2VkM2VmZDU5MGE3M2I3MzhhNTBlZDUyODU0ZGUzMmYyOWY3OGU4NzJlZjM4NjM0NjA5OTMyZmE2NGI%2526response_mode%253Dform_post&continue=https%3A%2F%2Faccounts.google.com%2Fsignin%2Foauth%2Fconsent%3Fauthuser%3Dunknown%26part%3DAJi8hANWvYlpcrDxdgIKDBm326o2USWNXhJkfwwOZUAaO4uHTffvXikwdF7yTHLddNi5ZE2rddSAIaYQ9VYwgEYmbbnj0rthmcoTL3kidEtdP3Y_QJmZWRErwC-VqLOZtfOfJJxFxhKfThpN4J_HmwMub2uoMzAF_SWklazDxxcL6zKwhgcSb3oO5RgTEse2WX75FZfvkODgJRcxTb22T8G_pm4IED7fg5heRdxtvOw1IFVDJM_vWPdXMk0PSE1NZs--u6mRWw53Dzvv5NzVbo7C8E3Rx05JA_9551cyX8AAdC8ZjMKO3fMsOTHK1uQrFJaao9UW4xI48ey_feeWirdiNfm5JJnGKAMTeWtMcp2_Cv-3KGoTfrHq8c2ifhmgbi9mWnn0bvvx0NxzeN_qX0VXRp2gyMOxoezhqpSI5gUVStL_PWuvAPRFauZiZiMBbXwS1ns8s-wQRpPQ7oym2H7NM-TSAjk9ahjsu2R4XkgnAb79_Zhf8yOHJ-_HxBlz1hS4WVSoaINU%26flowName%3DGeneralOAuthFlow%26as%3DJKQ1qMGBg20NyhZDua1yhc6LMV742Pj52IEwJf8xjs4%26client_id%3D585271548120-gtbmfqbtlcbslgjiihhl1t1nlvtrqsq1.apps.googleusercontent.com%26requestPath%3D%252Fsignin%252Foauth%252Fconsent%23&app_domain=https%3A%2F%2Fauthentication.deccanexperts.ai,1,0,link
220,4414,3/15/2026,21:20:51,Deccan AI Experts | Authentication,https://authentication.deccanexperts.ai/?utm_medium=Data_Analyst_(Freelancer)&utm_source=LinkedIn&utm_campaign=Technology_Data&utm_id=2921,1,0,link
221,4413,3/15/2026,21:20:46,Deccan AI Experts,https://deccanexperts.ai/,2,0,link
222,4411,3/15/2026,21:20:44,Deccan AI Experts,https://deccanexperts.ai/?utm_medium=Data_Analyst_(Freelancer)&utm_source=LinkedIn&utm_campaign=Technology_Data&utm_id=2921,2,0,link
223,4410,3/15/2026,21:20:40,Top job picks for you | LinkedIn,https://www.linkedin.com/jobs/collections/recommended/?currentJobId=4380378669,2,0,link
224,4409,3/15/2026,21:20:18,Data Analytics Traineeship Program - 3rd - HeyForm,https://form.medtoureasy.com/form/B8vl7q8e,1,0,link
225,4408,3/15/2026,21:20:10,Top job picks for you | LinkedIn,https://www.linkedin.com/jobs/collections/recommended/?currentJobId=4384953181,2,0,link
226,4408,3/15/2026,21:20:08,Top job picks for you | LinkedIn,https://www.linkedin.com/jobs/collections/recommended/?currentJobId=4384953181,2,0,link
227,4407,3/15/2026,21:19:58,Top job picks for you | LinkedIn,https://www.linkedin.com/jobs/,2,0,link
228,4119,3/15/2026,21:19:42,Savitribai Phule Pune University: Overview | LinkedIn,https://www.linkedin.com/feed/,17,0,link
229,4406,3/15/2026,21:19:40,Feed | LinkedIn,https://www.linkedin.com/feed?nis=true&%27%27=true&skipRedirect=true&lipi=urn%3Ali%3Apage%3Ad_flagship3_notifications%3B8c47e5d3-e24f-4404-907b-df45affcfc06,1,0,link
230,4122,3/15/2026,21:19:30,LinkedIn,https://www.linkedin.com/notifications/?filter=all,9,4,typed
231,4405,3/15/2026,21:18:13,74 Work From Home Data Science Jobs for Freshers | Internshala,https://internshala.com/fresher-jobs/data-science-jobs-in-ghaziabad/work-from-home/salary-6,2,0,link
232,4405,3/15/2026,21:18:13,74 Work From Home Data Science Jobs for Freshers | Internshala,https://internshala.com/fresher-jobs/data-science-jobs-in-ghaziabad/work-from-home/salary-6,2,0,link
233,4393,3/15/2026,21:17:16,Page 2: Fresher Jobs | Data Science | Work From Home | Internshala,https://internshala.com/fresher-jobs/data-science-jobs/work-from-home/salary-6,2,0,link
234,4404,3/15/2026,21:16:48,Data Analyst (Odia/Oriya Speaker) Remote Part Time Fresher Job,https://internshala.com/job/detail/fresher-remote-part-time-data-analyst-odia-oriya-speaker-job-at-peroptyx1773398472,1,0,link
235,4394,3/15/2026,21:15:42,74 Work From Home Data Science Jobs for Freshers | Internshala,https://internshala.com/fresher-jobs/data-science-jobs/work-from-home/salary-6/,2,0,link
236,4403,3/15/2026,21:14:22,Data Analyst | DraconX | LinkedIn,https://www.linkedin.com/jobs/view/4383362429/?trk=li_Internshala-IN-CPC_IN_careers_jobsgtm_d75534d0-39ad-4328-8e18-52229fb7e6b2_job-dist,1,0,link
237,4400,3/15/2026,21:13:10,Data Analyst - India | PolyWorks India | LinkedIn,https://www.linkedin.com/jobs/view/4384353516/?trk=li_Internshala-IN-CPC_IN_careers_jobsgtm_d75534d0-39ad-4328-8e18-52229fb7e6b2_job-dist,1,0,link
238,4397,3/15/2026,21:12:27,Data Analyst | Daice Labs | LinkedIn,https://www.linkedin.com/jobs/view/4382932179/?trk=li_Internshala-IN-CPC_IN_careers_jobsgtm_d75534d0-39ad-4328-8e18-52229fb7e6b2_job-dist,1,0,link
239,4394,3/15/2026,21:12:04,74 Work From Home Data Science Jobs for Freshers | Internshala,https://internshala.com/fresher-jobs/data-science-jobs/work-from-home/salary-6/,2,0,link
240,4393,3/15/2026,21:12:03,Page 2: Fresher Jobs | Data Science | Work From Home | Internshala,https://internshala.com/fresher-jobs/data-science-jobs/work-from-home/salary-6,2,0,link
241,4391,3/15/2026,21:11:54,105 Work From Home Data Science Jobs in Mar | Internshala,https://internshala.com/jobs/data-science-jobs/work-from-home/salary-6,2,0,link
242,4392,3/15/2026,21:11:51,94 Work From Home Data Science Jobs in Mar | Internshala,https://internshala.com/jobs/data-science-jobs/work-from-home/salary-8,1,0,link
243,4391,3/15/2026,21:11:45,105 Work From Home Data Science Jobs in Mar | Internshala,https://internshala.com/jobs/data-science-jobs/work-from-home/salary-6,2,0,link
244,4390,3/15/2026,21:10:17,Data Analyst | EFICYENT | LinkedIn,https://www.linkedin.com/jobs/view/4384248306/?trk=li_Internshala-IN-CPC_IN_careers_jobsgtm_d75534d0-39ad-4328-8e18-52229fb7e6b2_job-dist,1,0,link
245,3690,3/15/2026,21:09:52,Work From Home (WFH) Jobs: Find 2352 Remote Job Vacancies,https://internshala.com/jobs/data-science-jobs/work-from-home,3,0,link
246,4387,3/15/2026,21:09:36,Data Science Jobs: 674 Data Science Job Vacancies in 2026,https://internshala.com/jobs/data-science-jobs,1,0,link
247,4386,3/15/2026,21:09:11,Jobs: 12756 Job Vacancies & Openings in India | Search Jobs Online,https://internshala.com/jobs/,1,0,link
248,4385,3/15/2026,21:08:29,Data Science Placement Course with AI,https://trainings.internshala.com/data-science-placement-guarantee-course/?utm_source=is_web_job_search_page,2,0,link
249,4385,3/15/2026,21:08:05,Data Science Placement Course with AI,https://trainings.internshala.com/data-science-placement-guarantee-course/?utm_source=is_web_job_search_page,2,0,link
250,4384,3/15/2026,21:07:45,Work From Home (WFH) Jobs: Find 2352 Remote Job Vacancies,https://internshala.com/jobs/matching-preferences,1,0,link
251,3683,3/15/2026,21:07:36,Work From Home (WFH) Jobs: Find 2352 Remote Job Vacancies,https://internshala.com/jobs/work-from-home/,2,0,link
252,3682,3/15/2026,21:07:34,Work From Home (WFH) Jobs: Find 2352 Remote Job Vacancies,https://internshala.com/jobs/work-from-home/?utm_source=is_menu_dropdown,2,0,link
253,582,3/15/2026,21:06:55,Data Science Placement Course with AI,https://trainings.internshala.com/data-science-placement-guarantee-course/?utm_source=is_web_custom_homepage_banner,93,0,link
254,582,3/15/2026,21:06:53,Data Science Placement Course with AI,https://trainings.internshala.com/data-science-placement-guarantee-course/?utm_source=is_web_custom_homepage_banner,93,0,link
255,583,3/15/2026,21:06:52,Internshala Trainings,https://trainings.internshala.com/dashboard/specializations/?tracking_source=signup,99,0,link
256,585,3/15/2026,21:06:44,Data Science Course Overview - Internshala Trainings,https://trainings.internshala.com/pgc/dashboard/data-science-specialization-v3/overview/,176,0,link
257,583,3/15/2026,21:03:20,Internshala Trainings,https://trainings.internshala.com/dashboard/specializations/?tracking_source=signup,99,0,link
258,582,3/15/2026,21:03:16,Data Science Placement Course with AI,https://trainings.internshala.com/data-science-placement-guarantee-course/?utm_source=is_web_custom_homepage_banner,93,0,link
259,581,3/15/2026,21:03:14,Internships | Jobs | Trainings & Placement Courses | Post a Job,https://internshala.com/student/dashboard,79,11,typed
260,581,3/15/2026,20:46:49,Internships | Jobs | Trainings & Placement Courses | Post a Job,https://internshala.com/student/dashboard,79,11,reload
261,355,3/15/2026,20:46:43,"Inbox (3,729) - sumitsharma78437@gmail.com - Gmail",https://mail.google.com/mail/u/0/?tab=rm&ogbl#inbox,18,0,link
262,4383,3/15/2026,20:46:38,Accenture just sent you an interview invite - Next Steps - sumitsharma78437@gmail.com - Gmail,https://mail.google.com/mail/u/0/?tab=rm&ogbl#inbox/FMfcgzQfCMxVqSbWNbnRKrtPNXKwQlKl,1,0,link
263,355,3/15/2026,20:46:37,"Inbox (3,729) - sumitsharma78437@gmail.com - Gmail",https://mail.google.com/mail/u/0/?tab=rm&ogbl#inbox,18,0,link
264,4382,3/15/2026,20:46:32,Walk-in Interviews for Freshers | PDTV Jobs,https://pdtvjobs.com/walk-in-interviews/,1,0,link
265,4379,3/15/2026,20:46:27,Genpact ( Video Call ) Interview TOMORROW | Your application has been required - sumitsharma78437@gmail.com - Gmail,https://mail.google.com/mail/u/0/?tab=rm&ogbl#inbox/FMfcgzQfCMxWSTTRWtNCRtvnxrWZzVzm,1,0,link
266,355,3/15/2026,20:46:21,"Inbox (3,729) - sumitsharma78437@gmail.com - Gmail",https://mail.google.com/mail/u/0/?tab=rm&ogbl#inbox,18,0,link
267,4378,3/15/2026,20:45:59,Foundit - Job Search & Recruitment,https://www.foundit.in/seeker/dashboard,1,0,link
268,4377,3/15/2026,20:45:39,Foundit - Job Search & Recruitment,https://www.foundit.in/seeker/profile,1,0,link
269,4376,3/15/2026,20:44:46,Edit your public profile | LinkedIn,https://www.linkedin.com/public-profile/settings/?trk=d_flagship3_profile_self_view_public_profile&lipi=urn%3Ali%3Apage%3Ad_flagship3_profile_view_base%3BIrFZK5N3S1qiUgtZxk%2FViA%3D%3D,1,0,link
270,1464,3/15/2026,20:44:40,sumit Sharma | LinkedIn,https://www.linkedin.com/in/sumit-sharma-880840278/,19,0,link
271,4257,3/15/2026,20:44:40,Feed | LinkedIn,https://www.linkedin.com/in/sumit-sharma-880840278/?skipRedirect=true,5,0,link
272,4119,3/15/2026,20:44:22,Savitribai Phule Pune University: Overview | LinkedIn,https://www.linkedin.com/feed/,17,0,link
273,1464,3/15/2026,20:44:17,sumit Sharma | LinkedIn,https://www.linkedin.com/in/sumit-sharma-880840278/,19,0,auto_bookmark
274,1650,3/15/2026,20:44:13,sumit Sharma | LinkedIn,https://www.linkedin.com/in/sumit-sharma-880840278/edit/intro,5,0,link
275,1464,3/15/2026,20:44:13,sumit Sharma | LinkedIn,https://www.linkedin.com/in/sumit-sharma-880840278/,19,0,link
276,1475,3/15/2026,20:44:12,sumit Sharma | LinkedIn,https://www.linkedin.com/in/sumit-sharma-880840278/edit/forms/intro/new/?profileFormEntryPoint=PROFILE_SECTION,5,0,auto_bookmark
277,4375,3/15/2026,20:40:13,Sign In - Google Accounts,https://accounts.google.com/gsi/transform,2,0,form_submit
278,4374,3/15/2026,20:40:12,,https://accounts.google.com/signin/oauth/consent?authuser=0&part=AJi8hANzDtz1QPoLc2q-CVtDYMcEESK-G9cEA-6DYs-H6y1pCC2V4cC5u0hb1tK9ZjyagNoLDubWBmmoi6VQTvyeR-Q5kIeuGx7Fpf65GnhI5cFxWKMPdqE_i5mSZeobLc_EGc74OLr3jKLzMhkTuBSrkQgiC3U68RnJG4n-MbiDlKX-C014_eykhdtlYV7JhnbdN2lXCqINOHaQK3BnL3jkJCRSADmH7MO7lMJNMPWXYTwWRmDvz3NCmGs4xTaf97PlmUec-Q7-FHuZ7GhIOgYMOG_T6_8ulhdvrbVkFMlmq-iE0vOr1A1eEE33ivpH1z8dXQe-RhsbsWDIG4mnAsaEUK2HStvxC1R4qDVBghCL_pzHMvkCm2nfTd6ZEKe6nL2ph5RwXdr4LZE8p2Q0eulZIhzlNu2wmdNEx9G3UQ9epON68JXCKNu22EdSoecOYst4Vac9xJRe_wcHH6SiS6OacC8h5SzF6mSaExDpUg_j3pr22bKYL4A&flowName=GeneralOAuthFlow&as=KXmj70wXs%2FGPcUPCo%2B5fBVxoPlMEliqUs%2BCwf7w1dtU&client_id=591528984509-5odtn52njfsg44lqftrpnv0pudm9u8kc.apps.googleusercontent.com&requestPath=%2Fsignin%2Foauth%2Fconsent&pli=1&rapt=AEjHL4Pds--v8ElT-PXG9RH41A4ec6LendFhxl00MWZuYUeOR4VpJECB3SrCMjRq_0ywTfMHyQzNst8XcGYVssXr7L-fa0ZLeXG4RPyUHz5J6hxSfX1qv9I,1,0,link
279,4369,3/15/2026,20:40:07,Sign in – Google accounts,https://accounts.google.com/v3/signin/accountchooser?as=KXmj70wXs%2FGPcUPCo%2B5fBVxoPlMEliqUs%2BCwf7w1dtU&client_id=591528984509-5odtn52njfsg44lqftrpnv0pudm9u8kc.apps.googleusercontent.com&display=popup&gis_params=ChZodHRwczovL3d3dy5mb3VuZGl0LmluEg1naXNfdHJhbnNmb3JtGAcqK0tYbWo3MHdYcy9HUGNVUENvKzVmQlZ4b1BsTUVsaXFVcytDd2Y3dzFkdFUySDU5MTUyODk4NDUwOS01b2R0bjUybmpmc2c0NGxxZnRycG52MHB1ZG05dThrYy5hcHBzLmdvb2dsZXVzZXJjb250ZW50LmNvbTgBQkBhOTA3YWZmNmZiYWVlMzFkMTE4M2JmODEwMDgyNmZlZGJkYzI5YzA2YzZjNjRjMzAyNDYxZDI4ZmRmM2FmZWU0&gsiwebsdk=gis_attributes&origin=https%3A%2F%2Fwww.foundit.in&prompt=select_account&redirect_uri=gis_transform&response_mode=form_post&response_type=id_token&scope=openid+email+profile&dsh=KXmj70wXs%2FGPcUPCo%2B5fBVxoPlMEliqUs%2BCwf7w1dtU&o2v=1&service=lso&flowName=GeneralOAuthFlow&opparams=%253Fgis_params%253DChZodHRwczovL3d3dy5mb3VuZGl0LmluEg1naXNfdHJhbnNmb3JtGAcqK0tYbWo3MHdYcy9HUGNVUENvKzVmQlZ4b1BsTUVsaXFVcytDd2Y3dzFkdFUySDU5MTUyODk4NDUwOS01b2R0bjUybmpmc2c0NGxxZnRycG52MHB1ZG05dThrYy5hcHBzLmdvb2dsZXVzZXJjb250ZW50LmNvbTgBQkBhOTA3YWZmNmZiYWVlMzFkMTE4M2JmODEwMDgyNmZlZGJkYzI5YzA2YzZjNjRjMzAyNDYxZDI4ZmRmM2FmZWU0%2526response_mode%253Dform_post&continue=https%3A%2F%2Faccounts.google.com%2Fsignin%2Foauth%2Fconsent%3Fauthuser%3Dunknown%26part%3DAJi8hANzDtz1QPoLc2q-CVtDYMcEESK-G9cEA-6DYs-H6y1pCC2V4cC5u0hb1tK9ZjyagNoLDubWBmmoi6VQTvyeR-Q5kIeuGx7Fpf65GnhI5cFxWKMPdqE_i5mSZeobLc_EGc74OLr3jKLzMhkTuBSrkQgiC3U68RnJG4n-MbiDlKX-C014_eykhdtlYV7JhnbdN2lXCqINOHaQK3BnL3jkJCRSADmH7MO7lMJNMPWXYTwWRmDvz3NCmGs4xTaf97PlmUec-Q7-FHuZ7GhIOgYMOG_T6_8ulhdvrbVkFMlmq-iE0vOr1A1eEE33ivpH1z8dXQe-RhsbsWDIG4mnAsaEUK2HStvxC1R4qDVBghCL_pzHMvkCm2nfTd6ZEKe6nL2ph5RwXdr4LZE8p2Q0eulZIhzlNu2wmdNEx9G3UQ9epON68JXCKNu22EdSoecOYst4Vac9xJRe_wcHH6SiS6OacC8h5SzF6mSaExDpUg_j3pr22bKYL4A%26flowName%3DGeneralOAuthFlow%26as%3DKXmj70wXs%252FGPcUPCo%252B5fBVxoPlMEliqUs%252BCwf7w1dtU%26client_id%3D591528984509-5odtn52njfsg44lqftrpnv0pudm9u8kc.apps.googleusercontent.com%26requestPath%3D%252Fsignin%252Foauth%252Fconsent%23&app_domain=https%3A%2F%2Fwww.foundit.in,1,0,link
280,4367,3/15/2026,20:40:03,Foundit - Job Search & Recruitment,https://www.foundit.in/seeker-profile/registration?spl=IN-Acq-SEM-Google-IP_IN_Pmax_15Jan25-Performance_Max---both-------CPC-6645446156&utm_campaign=IN_Acq_SEM-Google-IP_IN_Pmax_15Jan25-Performance_Max---&utm_medium=SEM&utm_source=Google-Performance_Max-CPC&utm_term=SEM_&gad_source=0&gad_campaignid=22133102398&gclid=Cj0KCQjwsdnNBhC4ARIsAA_3hejRjyZhNq44dzUkclXSlzSGZBajBQVXvJEQdsIFkJf6yKel1nPRSPMaAoH9EALw_wcB,1,0,link
281,4365,3/15/2026,20:39:53,You've been shortlisted - sumitsharma78437@gmail.com - Gmail,https://mail.google.com/mail/u/0/?tab=rm&ogbl#ad/201,1,0,link
282,355,3/15/2026,20:39:31,"Inbox (3,729) - sumitsharma78437@gmail.com - Gmail",https://mail.google.com/mail/u/0/?tab=rm&ogbl#inbox,18,0,link
283,4364,3/15/2026,20:39:01,Registration Form,https://jobs.barabarnews.com/,1,0,link
284,4361,3/15/2026,20:38:52,Final call: Sumit sharma | Your Application is required - sumitsharma78437@gmail.com - Gmail,https://mail.google.com/mail/u/0/?tab=rm&ogbl#inbox/FMfcgzQfCMpSnPDbFZPwTwGsGXmKmzdD,1,0,link
285,355,3/15/2026,20:38:28,"Inbox (3,729) - sumitsharma78437@gmail.com - Gmail",https://mail.google.com/mail/u/0/?tab=rm&ogbl#inbox,18,0,link
286,4360,3/15/2026,20:38:23,"TATA ( Rs11,00,000 package ) just sent you an interview invite - Your Application has been required - sumitsharma78437@gmail.com - Gmail",https://mail.google.com/mail/u/0/?tab=rm&ogbl#inbox/FMfcgzQfCMxWKCTSQxfxsjvjCrhlcWpr,1,0,link
287,355,3/15/2026,20:38:19,"Inbox (3,729) - sumitsharma78437@gmail.com - Gmail",https://mail.google.com/mail/u/0/?tab=rm&ogbl#inbox,18,0,link
288,4359,3/15/2026,20:38:09,"CAPGEMINI ( Rs8,00,000 package ) just sent you an interview invite - Your Application has been required - sumitsharma78437@gmail.com - Gmail",https://mail.google.com/mail/u/0/?tab=rm&ogbl#inbox/FMfcgzQfCMxWSfVtjrRNlMDmtrdTvGKj,1,0,link
289,355,3/15/2026,20:37:35,"Inbox (3,729) - sumitsharma78437@gmail.com - Gmail",https://mail.google.com/mail/u/0/?tab=rm&ogbl#inbox,18,0,link
290,4358,3/15/2026,20:37:23,Foundit - Job Search & Recruitment,https://www.foundit.in/seeker/registration?spl=IN_paid_display_direct_acq_affiliate_Asterix_8571_Apr25&utm_source=Asterix&utm_medium=affiliate&utm_campaign=IN_paid_display_direct_acq_affiliate_Asterix_8571_Apr25,1,0,link
291,4357,3/15/2026,20:36:43,Cognizant ( WFH ) Walk-in Drive for Freshers as Analyst Positions – Remote Jobs | PDTV Jobs,https://pdtvjobs.com/cognizant-wfh-walk-in-drive-for-freshers-as-analyst-positions-remote-jobs-2/,1,0,link
292,4356,3/15/2026,20:36:40,Work From Home Jobs – Software Jobs For Freshers | PDTV Jobs,https://pdtvjobs.com/work-from-home-jobs/#google_vignette,1,0,link
293,4355,3/15/2026,20:36:22,Work From Home Jobs – Software Jobs For Freshers | PDTV Jobs,https://pdtvjobs.com/work-from-home-jobs/,1,0,link
294,4352,3/15/2026,20:36:08,INFOSYS just sent you an interview invite - Next Steps - sumitsharma78437@gmail.com - Gmail,https://mail.google.com/mail/u/0/?tab=rm&ogbl#inbox/FMfcgzQfCMwMxGjBqVwHVQcBrxtnRJGg,1,0,link
295,355,3/15/2026,20:35:50,"Inbox (3,729) - sumitsharma78437@gmail.com - Gmail",https://mail.google.com/mail/u/0/?tab=rm&ogbl#inbox,18,0,link
296,4351,3/15/2026,20:35:36,Spam - sumitsharma78437@gmail.com - Gmail,https://mail.google.com/mail/u/0/?tab=rm&ogbl#spam,1,0,link
297,355,3/15/2026,20:35:13,"Inbox (3,729) - sumitsharma78437@gmail.com - Gmail",https://mail.google.com/mail/u/0/?tab=rm&ogbl#inbox,18,0,link
298,296,3/15/2026,20:35:09,"Inbox (3,729) - sumitsharma78437@gmail.com - Gmail",https://mail.google.com/mail/u/0/?tab=rm&ogbl,6,0,link
299,786,3/15/2026,20:35:01,Internshala Trainings,https://trainings.internshala.com/pgc/dashboard/data-science-specialization-v3/placement_hub/home/,33,0,reload
300,4119,3/15/2026,20:34:54,Savitribai Phule Pune University: Overview | LinkedIn,https://www.linkedin.com/feed/,17,0,reload
301,1464,3/15/2026,20:34:41,sumit Sharma | LinkedIn,https://www.linkedin.com/in/sumit-sharma-880840278/,19,0,link
302,1464,3/15/2026,20:34:40,sumit Sharma | LinkedIn,https://www.linkedin.com/in/sumit-sharma-880840278/,19,0,link
303,4119,3/15/2026,20:34:34,Savitribai Phule Pune University: Overview | LinkedIn,https://www.linkedin.com/feed/,17,0,reload
304,4119,3/15/2026,20:31:45,Savitribai Phule Pune University: Overview | LinkedIn,https://www.linkedin.com/feed/,17,0,link
305,1464,3/15/2026,20:31:33,sumit Sharma | LinkedIn,https://www.linkedin.com/in/sumit-sharma-880840278/,19,0,link
306,1464,3/15/2026,20:31:31,sumit Sharma | LinkedIn,https://www.linkedin.com/in/sumit-sharma-880840278/,19,0,link
307,4257,3/15/2026,20:31:30,Feed | LinkedIn,https://www.linkedin.com/in/sumit-sharma-880840278/?skipRedirect=true,5,0,link
308,4119,3/15/2026,20:31:25,Savitribai Phule Pune University: Overview | LinkedIn,https://www.linkedin.com/feed/,17,0,link
309,4334,3/15/2026,20:30:41,Grow | LinkedIn,https://www.linkedin.com/mynetwork/grow/,5,0,link
310,4350,3/15/2026,20:30:13,Inderjeet Maggo | LinkedIn,https://www.linkedin.com/in/inderjeet-maggo-b262b1262/,1,0,link
311,4349,3/15/2026,20:30:13,Feed | LinkedIn,https://www.linkedin.com/in/inderjeet-maggo-b262b1262/?skipRedirect=true,1,0,link
312,4334,3/15/2026,20:30:01,Grow | LinkedIn,https://www.linkedin.com/mynetwork/grow/,5,0,link
313,4346,3/15/2026,20:30:00,chalsi neniwal | LinkedIn,https://www.linkedin.com/in/chalsi-neniwal-952431397/,3,0,link
314,4348,3/15/2026,20:29:49,Neetu Kumari | LinkedIn,https://www.linkedin.com/in/neetu-kumari-230427396/,1,0,link
315,4347,3/15/2026,20:29:48,Feed | LinkedIn,https://www.linkedin.com/in/neetu-kumari-230427396/?skipRedirect=true,1,0,link
316,4346,3/15/2026,20:29:42,chalsi neniwal | LinkedIn,https://www.linkedin.com/in/chalsi-neniwal-952431397/,3,0,link
317,4346,3/15/2026,20:29:28,chalsi neniwal | LinkedIn,https://www.linkedin.com/in/chalsi-neniwal-952431397/,3,0,link
318,4345,3/15/2026,20:29:27,Feed | LinkedIn,https://www.linkedin.com/in/chalsi-neniwal-952431397/?skipRedirect=true,1,0,link
319,4344,3/15/2026,20:29:00,State Bank of India: Posts | LinkedIn,https://www.linkedin.com/company/state-bank-of-india/posts/?feedView=all,1,0,link
320,4343,3/15/2026,20:28:56,State Bank of India: Posts | LinkedIn,https://www.linkedin.com/company/state-bank-of-india/posts/?feedView=all&showInNetworkFollowers=true,1,0,link
321,4340,3/15/2026,20:28:53,LinkedIn,https://www.linkedin.com/company/state-bank-of-india/?showInNetworkFollowers=true,2,0,link
322,4342,3/15/2026,20:28:43,Sahara Bangar | LinkedIn,https://www.linkedin.com/in/sahara-bangar/,1,0,link
323,4341,3/15/2026,20:28:42,Sahara Bangar | LinkedIn,https://www.linkedin.com/in/sahara-bangar/?skipRedirect=true,1,0,link
324,4340,3/15/2026,20:28:39,LinkedIn,https://www.linkedin.com/company/state-bank-of-india/?showInNetworkFollowers=true,2,0,link
325,4339,3/15/2026,20:28:30,State Bank of India: Overview | LinkedIn,https://www.linkedin.com/company/state-bank-of-india/?isFollowingPage=true,1,0,link
326,4338,3/15/2026,20:28:29,LinkedIn,https://www.linkedin.com/company/166135/?isFollowingPage=true,1,0,link
327,4337,3/15/2026,20:28:28,LinkedIn,https://www.linkedin.com/company/166135?isFollowingPage=true,1,0,link
328,4334,3/15/2026,20:28:16,Grow | LinkedIn,https://www.linkedin.com/mynetwork/grow/,5,0,link
329,4336,3/15/2026,20:27:52,Mohit Bokade | LinkedIn,https://www.linkedin.com/in/mohitbokade26052000/,1,0,link
330,4335,3/15/2026,20:27:51,Feed | LinkedIn,https://www.linkedin.com/in/mohitbokade26052000/?skipRedirect=true,1,0,link
331,4334,3/15/2026,20:27:44,Grow | LinkedIn,https://www.linkedin.com/mynetwork/grow/,5,0,link
332,4333,3/15/2026,20:27:43,Feed | LinkedIn,https://www.linkedin.com/mynetwork,2,0,link
333,4119,3/15/2026,20:26:46,Savitribai Phule Pune University: Overview | LinkedIn,https://www.linkedin.com/feed/,17,0,link
334,4332,3/15/2026,20:26:44,Feed | LinkedIn,https://www.linkedin.com/feed?nis=true&%27%27=true&skipRedirect=true&lipi=urn%3Ali%3Apage%3Ad_flagship3_search_srp_jobs%3BqY5%2B1XGRQbSLNloku4rHww%3D%3D,1,0,link
335,4331,3/15/2026,20:26:23,Data Analyst Jobs | LinkedIn,https://www.linkedin.com/jobs/search/?alertAction=viewjobs&currentJobId=4385872826&distance=25&f_TPR=a1773444097-&f_WT=3%2C2&geoId=103471883&keywords=Data%20Analyst&origin=JOB_ALERT_IN_APP_NOTIFICATION&originToLandingJobPostings=4384670718%2C4385872826%2C4367441040&savedSearchId=15443910484&sortBy=R,1,0,link
336,4328,3/15/2026,20:26:06,WhatsApp Group Invite,https://chat.whatsapp.com/D7XV1hj8tsW3R4v0vMKPkl,2,0,link
337,4325,3/15/2026,20:25:55,ArGo Interns — Built by Skillfied Mentor | Candidate Internship Form,https://docs.google.com/forms/u/0/d/e/1FAIpQLSduvTX_UVPMNSYHIBQT4G6j_usoczI4lcMFAYWYIVrLnuARnw/formResponse,2,0,form_submit
338,123,3/15/2026,20:24:25,(55) WhatsApp,https://web.whatsapp.com/,16,0,link
339,4329,3/15/2026,20:24:17,WhatsApp,https://web.whatsapp.com/accept?code=D7XV1hj8tsW3R4v0vMKPkl&utm_campaign=wa_chat_v2,1,0,link
340,4328,3/15/2026,20:23:43,WhatsApp Group Invite,https://chat.whatsapp.com/D7XV1hj8tsW3R4v0vMKPkl,2,0,link
341,4326,3/15/2026,20:23:35,ArGo Interns — Built by Skillfied Mentor | Candidate Internship Form,https://docs.google.com/forms/d/e/1FAIpQLSduvTX_UVPMNSYHIBQT4G6j_usoczI4lcMFAYWYIVrLnuARnw/formResponse,1,0,link
342,4325,3/15/2026,20:23:34,ArGo Interns — Built by Skillfied Mentor | Candidate Internship Form,https://docs.google.com/forms/u/0/d/e/1FAIpQLSduvTX_UVPMNSYHIBQT4G6j_usoczI4lcMFAYWYIVrLnuARnw/formResponse,2,0,form_submit
343,4324,3/15/2026,20:23:33,ArGo Interns — Built by Skillfied Mentor | Candidate Internship Form,https://docs.google.com/forms/d/1hlDHW7LAztvcS27-FWcOW5pPRRYcxZeu8K30pOwGn0w/viewform?edit_requested=true&fbzx=6996189727637531077,1,0,link
344,581,3/15/2026,20:22:16,Internships | Jobs | Trainings & Placement Courses | Post a Job,https://internshala.com/student/dashboard,79,11,reload
345,3351,3/15/2026,20:21:45,Internships | Jobs | Trainings & Placement Courses | Post a Job,https://internshala.com/student/resume?source=placement_hub_resume&course_url=data-science-specialization-v3,38,0,link
346,4323,3/15/2026,20:21:42,Internships | Jobs | Trainings & Placement Courses | Post a Job,https://internshala.com/student/resume?utm_source=placement_hub_resume&source=placement_hub_resume&course_url=data-science-specialization-v3&alp=dWlkPTIwNzk2MTUyJm10eXBlPWFsbyZzZD0yMDI2LTAzLTE1JnJzPWFkZjA3NDQxJnNpZz05YmVjZTNjNzllODkxM2RlNTUwMDZlNTU0M2Q3ODcyZjZkM2JiM2UyMmFhMjZmMGVhNjRiNGEwYjE1NGVmMDlm,1,0,link
347,786,3/15/2026,20:21:39,Internshala Trainings,https://trainings.internshala.com/pgc/dashboard/data-science-specialization-v3/placement_hub/home/,33,0,link
348,4322,3/15/2026,20:21:31,ArGo Interns — Built by Skillfied Mentor | Candidate Internship Form,https://docs.google.com/forms/d/1hlDHW7LAztvcS27-FWcOW5pPRRYcxZeu8K30pOwGn0w/viewform?edit_requested=true,1,0,link
349,4321,3/15/2026,20:21:30,ArGo Interns — Built by Skillfied Mentor | Candidate Internship Form,https://docs.google.com/forms/u/0/d/1hlDHW7LAztvcS27-FWcOW5pPRRYcxZeu8K30pOwGn0w/viewform?edit_requested=true,1,0,link
350,4317,3/15/2026,20:21:20,Data Analyst Jobs | LinkedIn,https://www.linkedin.com/jobs/search/?alertAction=viewjobs&currentJobId=4384670718&distance=25&f_TPR=a1773444097-&f_WT=3%2C2&geoId=103471883&keywords=Data%20Analyst&origin=JOB_ALERT_IN_APP_NOTIFICATION&originToLandingJobPostings=4384670718%2C4385872826%2C4367441040&savedSearchId=15443910484&sortBy=R,1,0,link
351,4316,3/15/2026,20:21:19,Data Analyst Jobs | LinkedIn,https://www.linkedin.com/jobs/search/?alertAction=viewjobs&distance=25&f_TPR=a1773444097-&f_WT=3%2C2&geoId=103471883&keywords=Data%20Analyst&origin=JOB_ALERT_IN_APP_NOTIFICATION&originToLandingJobPostings=4384670718%2C4385872826%2C4367441040&savedSearchId=15443910484&sortBy=R,1,0,link
352,4315,3/15/2026,20:21:02,LinkedIn,https://www.linkedin.com/notifications/,1,0,link
353,1464,3/15/2026,20:20:59,sumit Sharma | LinkedIn,https://www.linkedin.com/in/sumit-sharma-880840278/,19,0,auto_bookmark
354,1650,3/15/2026,20:20:56,sumit Sharma | LinkedIn,https://www.linkedin.com/in/sumit-sharma-880840278/edit/intro,5,0,link
355,1464,3/15/2026,20:20:56,sumit Sharma | LinkedIn,https://www.linkedin.com/in/sumit-sharma-880840278/,19,0,link
356,1475,3/15/2026,20:20:53,sumit Sharma | LinkedIn,https://www.linkedin.com/in/sumit-sharma-880840278/edit/forms/intro/new/?profileFormEntryPoint=PROFILE_SECTION,5,0,auto_bookmark
357,4314,3/15/2026,20:20:33,NEPS > Data Center > Data Access > Data Use Agreements,https://www.neps-data.de/Data-Center/Data-Access/Data-Use-Agreements,1,0,link
358,4313,3/15/2026,20:19:23,NEPS - National Educational Panel Study,https://www.lifbi.de/en-us/Start/Research/Large-Scale-Projects/NEPS-National-Educational-Panel-Study,1,0,link
359,4304,3/15/2026,20:19:16,NEPS > National Educational Panel Study,https://www.neps-data.de/Mainpage,6,0,link
360,4312,3/15/2026,20:19:07,NEPS > Data Center > Data Access,https://www.neps-data.de/Data-Center/Data-Access,1,0,link
361,4304,3/15/2026,20:18:55,NEPS > National Educational Panel Study,https://www.neps-data.de/Mainpage,6,0,link
362,4304,3/15/2026,20:18:53,NEPS > National Educational Panel Study,https://www.neps-data.de/Mainpage,6,0,link
363,4310,3/15/2026,20:18:41,NEPS > Register_en,https://www.neps-data.de/Register_en,2,0,link
364,4308,3/15/2026,20:18:33,neps registration - Google Search,https://www.google.com/search?q=neps+registration&sca_esv=8d848c16371de09d&biw=1366&bih=641&sxsrf=ANbL-n5BUjkBWyw8-GwbQVbSM8VV2Rm7Mw%3A1773586008182&ei=WMa2afG6CqTgseMP1ZHd4AE&oq=NEPS+&gs_lp=Egxnd3Mtd2l6LXNlcnAiBU5FUFMgKgIICDILEAAYgAQYkQIYigUyChAAGIAEGEMYigUyDRAAGIAEGJECGIoFGAoyChAAGIAEGEMYigUyChAAGIAEGEMYigUyBRAAGIAEMgoQABiABBgUGIcCMgoQABiABBhDGIoFMgUQABiABDIKEAAYgAQYQxiKBUiohwFQ0AJY7F9wCXgBkAECmAH5AqAB0hKqAQcwLjcuMy4xuAEByAEA-AEBmAISoAKeEagCE8ICChAAGLADGNYEGEfCAg0QABiABBiwAxhDGIoFwgIOEAAYsAMY5AIY1gTYAQHCAhcQLhiwAxi4BhjYAhjIAxjaBhjcBtgBAcICFxAuGLADGNgCGLgGGMgDGNoGGNwG2AEBwgIKECMYgAQYJxiKBcICChAuGIAEGEMYigXCAgsQABiABBixAxiDAcICDhAuGIAEGLEDGIMBGIoFwgIZEC4YgAQYQxiKBRiXBRjcBBjeBBjgBNgBAcICBxAjGCcY6gLCAg0QIxjwBRgnGMkCGOoCwgIWEAAYgAQYQxi0AhjnBhiKBRjqAtgBAcICGRAuGIAEGEMYtAIY5wYYyAMYigUY6gLYAQHCAhAQLhiABBixAxhDGIMBGIoFwgINEC4YgAQYsQMYQxiKBcICEBAAGIAEGLEDGEMYgwEYigXCAggQABiABBixA8ICHBAuGIAEGLEDGEMYigUYlwUY3AQY3gQY4ATYAQHCAg0QABiABBixAxhDGIoFmAMP8QVy9lp64-JvOIgGAZAGE7oGBggBEAEYCZIHBzkuNi4yLjGgB9Z5sgcHMC42LjIuMbgHqxDCBwYyLTUuMTPIB7MBgAgA&sclient=gws-wiz-serp,3,0,form_submit
365,4310,3/15/2026,20:18:29,NEPS > Register_en,https://www.neps-data.de/Register_en,2,0,link
366,4308,3/15/2026,20:18:26,neps registration - Google Search,https://www.google.com/search?q=neps+registration&sca_esv=8d848c16371de09d&biw=1366&bih=641&sxsrf=ANbL-n5BUjkBWyw8-GwbQVbSM8VV2Rm7Mw%3A1773586008182&ei=WMa2afG6CqTgseMP1ZHd4AE&oq=NEPS+&gs_lp=Egxnd3Mtd2l6LXNlcnAiBU5FUFMgKgIICDILEAAYgAQYkQIYigUyChAAGIAEGEMYigUyDRAAGIAEGJECGIoFGAoyChAAGIAEGEMYigUyChAAGIAEGEMYigUyBRAAGIAEMgoQABiABBgUGIcCMgoQABiABBhDGIoFMgUQABiABDIKEAAYgAQYQxiKBUiohwFQ0AJY7F9wCXgBkAECmAH5AqAB0hKqAQcwLjcuMy4xuAEByAEA-AEBmAISoAKeEagCE8ICChAAGLADGNYEGEfCAg0QABiABBiwAxhDGIoFwgIOEAAYsAMY5AIY1gTYAQHCAhcQLhiwAxi4BhjYAhjIAxjaBhjcBtgBAcICFxAuGLADGNgCGLgGGMgDGNoGGNwG2AEBwgIKECMYgAQYJxiKBcICChAuGIAEGEMYigXCAgsQABiABBixAxiDAcICDhAuGIAEGLEDGIMBGIoFwgIZEC4YgAQYQxiKBRiXBRjcBBjeBBjgBNgBAcICBxAjGCcY6gLCAg0QIxjwBRgnGMkCGOoCwgIWEAAYgAQYQxi0AhjnBhiKBRjqAtgBAcICGRAuGIAEGEMYtAIY5wYYyAMYigUY6gLYAQHCAhAQLhiABBixAxhDGIMBGIoFwgINEC4YgAQYsQMYQxiKBcICEBAAGIAEGLEDGEMYgwEYigXCAggQABiABBixA8ICHBAuGIAEGLEDGEMYigUYlwUY3AQY3gQY4ATYAQHCAg0QABiABBixAxhDGIoFmAMP8QVy9lp64-JvOIgGAZAGE7oGBggBEAEYCZIHBzkuNi4yLjGgB9Z5sgcHMC42LjIuMbgHqxDCBwYyLTUuMTPIB7MBgAgA&sclient=gws-wiz-serp,3,0,form_submit
367,4309,3/15/2026,20:17:29,Login | Apprenticeship Training Portal,https://www.apprenticeshipindia.gov.in/login,1,0,link
368,4308,3/15/2026,20:17:20,neps registration - Google Search,https://www.google.com/search?q=neps+registration&sca_esv=8d848c16371de09d&biw=1366&bih=641&sxsrf=ANbL-n5BUjkBWyw8-GwbQVbSM8VV2Rm7Mw%3A1773586008182&ei=WMa2afG6CqTgseMP1ZHd4AE&oq=NEPS+&gs_lp=Egxnd3Mtd2l6LXNlcnAiBU5FUFMgKgIICDILEAAYgAQYkQIYigUyChAAGIAEGEMYigUyDRAAGIAEGJECGIoFGAoyChAAGIAEGEMYigUyChAAGIAEGEMYigUyBRAAGIAEMgoQABiABBgUGIcCMgoQABiABBhDGIoFMgUQABiABDIKEAAYgAQYQxiKBUiohwFQ0AJY7F9wCXgBkAECmAH5AqAB0hKqAQcwLjcuMy4xuAEByAEA-AEBmAISoAKeEagCE8ICChAAGLADGNYEGEfCAg0QABiABBiwAxhDGIoFwgIOEAAYsAMY5AIY1gTYAQHCAhcQLhiwAxi4BhjYAhjIAxjaBhjcBtgBAcICFxAuGLADGNgCGLgGGMgDGNoGGNwG2AEBwgIKECMYgAQYJxiKBcICChAuGIAEGEMYigXCAgsQABiABBixAxiDAcICDhAuGIAEGLEDGIMBGIoFwgIZEC4YgAQYQxiKBRiXBRjcBBjeBBjgBNgBAcICBxAjGCcY6gLCAg0QIxjwBRgnGMkCGOoCwgIWEAAYgAQYQxi0AhjnBhiKBRjqAtgBAcICGRAuGIAEGEMYtAIY5wYYyAMYigUY6gLYAQHCAhAQLhiABBixAxhDGIMBGIoFwgINEC4YgAQYsQMYQxiKBcICEBAAGIAEGLEDGEMYgwEYigXCAggQABiABBixA8ICHBAuGIAEGLEDGEMYigUYlwUY3AQY3gQY4ATYAQHCAg0QABiABBixAxhDGIoFmAMP8QVy9lp64-JvOIgGAZAGE7oGBggBEAEYCZIHBzkuNi4yLjGgB9Z5sgcHMC42LjIuMbgHqxDCBwYyLTUuMTPIB7MBgAgA&sclient=gws-wiz-serp,3,0,form_submit
369,4307,3/15/2026,20:16:48,nets - Google Search,https://www.google.com/search?q=nets&sca_esv=8d848c16371de09d&biw=1366&bih=641&sxsrf=ANbL-n7EJx26koT-Luco9S8_MPv9Ynin0Q%3A1773585900715&ei=7MW2abanK8idseMPi7XguAU&ved=0ahUKEwi2zdyskqKTAxXITmwGHYsaGFcQ4dUDCBE&uact=5&oq=nets&gs_lp=Egxnd3Mtd2l6LXNlcnAiBG5ldHMyDRAuGIAEGLEDGEMYigUyChAAGIAEGEMYigUyCBAAGIAEGLEDMgUQABiABDIOEC4YgAQYsQMY0QMYxwEyChAAGIAEGLEDGAoyCBAAGIAEGLEDMgsQLhiABBjHARivATIOEC4YgAQYsQMY0QMYxwEyBRAAGIAEMhwQLhiABBixAxhDGIoFGJcFGNwEGN4EGOAE2AEBSPAWUMkEWL8KcAF4AJABAJgB9wKgAfsJqgEHMC4yLjEuMrgBA8gBAPgBAZgCBKACgwXCAgoQABiwAxjWBBhHwgINEAAYgAQYsAMYQxiKBcICDhAAGLADGOQCGNYE2AEBwgIXEC4YsAMYuAYY2AIYyAMY2gYY3AbYAQHCAgoQIxiABBgnGIoFwgILEAAYgAQYsQMYgwHCAgoQLhiABBhDGIoFwgIOEC4YgAQYsQMYgwEYigXCAggQLhiABBixA8ICGRAuGIAEGEMYigUYlwUY3AQY3gQY4ATYAQGYAwCIBgGQBhO6BgYIARABGAmSBwUxLjEuMqAHg0SyBwUwLjEuMrgH8QTCBwMzLTTIBzOACAA&sclient=gws-wiz-serp,1,0,form_submit
370,4303,3/15/2026,20:16:43,neps - Google Search,https://www.google.com/search?q=neps&sca_esv=8d848c16371de09d&sxsrf=ANbL-n7NeKtoidEVIK_TTp4Bsd8yQCVgTQ%3A1773585892990&ei=5MW2aer_O7ahnesP-bmjoQ4&biw=1366&bih=641&ved=0ahUKEwjqgYWpkqKTAxW2UGcHHfncKOQQ4dUDCBE&uact=5&oq=neps&gs_lp=Egxnd3Mtd2l6LXNlcnAiBG5lcHMyChAAGLADGNYEGEcyChAAGLADGNYEGEcyChAAGLADGNYEGEcyChAAGLADGNYEGEcyChAAGLADGNYEGEcyChAAGLADGNYEGEcyChAAGLADGNYEGEcyChAAGLADGNYEGEcyDRAAGIAEGLADGEMYigUyDRAAGIAEGLADGEMYigUyDRAAGIAEGLADGEMYigUyDRAAGIAEGLADGEMYigUyFxAuGLADGLgGGNgCGMgDGNoGGNwG2AEBMhcQLhiwAxi4BhjYAhjIAxjaBhjcBtgBATIXEC4YsAMYuAYY2AIYyAMY2gYY3AbYAQEyFxAuGLADGLgGGNgCGMgDGNoGGNwG2AEBMhcQLhiwAxi4BhjYAhjIAxjaBhjcBtgBATIXEC4YsAMYuAYY2AIYyAMY2gYY3AbYAQEyFxAuGLADGLgGGNgCGMgDGNoGGNwG2AEBMhcQLhiwAxi4BhjYAhjIAxjaBhjcBtgBAUjOB1CxBlixBnABeAGQAQCYAQCgAQCqAQC4AQPIAQD4AQGYAgGgAhmYAwCIBgGQBhS6BgYIARABGBmSBwExoAcAsgcAuAcAwgcDNC0xyAcXgAgA&sclient=gws-wiz-serp,2,0,form_submit
371,4304,3/15/2026,20:16:22,NEPS > National Educational Panel Study,https://www.neps-data.de/Mainpage,6,0,link
372,4306,3/15/2026,20:15:57,NEPS > Register_en,https://www.neps-data.de/Register_en?returnurl=%2fMainpage,1,0,link
373,4304,3/15/2026,20:15:54,NEPS > National Educational Panel Study,https://www.neps-data.de/Mainpage,6,0,link
374,4305,3/15/2026,20:15:47,NEPS Data Portfolio,https://www.neps-data.de/Data-Center/Data-and-Documentation/NEPS-Data-Portfolio,1,0,link
375,4304,3/15/2026,20:15:04,NEPS > National Educational Panel Study,https://www.neps-data.de/Mainpage,6,0,link
376,4303,3/15/2026,20:15:01,neps - Google Search,https://www.google.com/search?q=neps&sca_esv=8d848c16371de09d&sxsrf=ANbL-n7NeKtoidEVIK_TTp4Bsd8yQCVgTQ%3A1773585892990&ei=5MW2aer_O7ahnesP-bmjoQ4&biw=1366&bih=641&ved=0ahUKEwjqgYWpkqKTAxW2UGcHHfncKOQQ4dUDCBE&uact=5&oq=neps&gs_lp=Egxnd3Mtd2l6LXNlcnAiBG5lcHMyChAAGLADGNYEGEcyChAAGLADGNYEGEcyChAAGLADGNYEGEcyChAAGLADGNYEGEcyChAAGLADGNYEGEcyChAAGLADGNYEGEcyChAAGLADGNYEGEcyChAAGLADGNYEGEcyDRAAGIAEGLADGEMYigUyDRAAGIAEGLADGEMYigUyDRAAGIAEGLADGEMYigUyDRAAGIAEGLADGEMYigUyFxAuGLADGLgGGNgCGMgDGNoGGNwG2AEBMhcQLhiwAxi4BhjYAhjIAxjaBhjcBtgBATIXEC4YsAMYuAYY2AIYyAMY2gYY3AbYAQEyFxAuGLADGLgGGNgCGMgDGNoGGNwG2AEBMhcQLhiwAxi4BhjYAhjIAxjaBhjcBtgBATIXEC4YsAMYuAYY2AIYyAMY2gYY3AbYAQEyFxAuGLADGLgGGNgCGMgDGNoGGNwG2AEBMhcQLhiwAxi4BhjYAhjIAxjaBhjcBtgBAUjOB1CxBlixBnABeAGQAQCYAQCgAQCqAQC4AQPIAQD4AQGYAgGgAhmYAwCIBgGQBhS6BgYIARABGBmSBwExoAcAsgcAuAcAwgcDNC0xyAcXgAgA&sclient=gws-wiz-serp,2,0,form_submit
377,4302,3/15/2026,20:14:53,nepse - Google Search,https://www.google.com/search?q=nepse&oq=NEPS&gs_lcrp=EgZjaHJvbWUqDQgBEAAYgwEYsQMYgAQyDAgAEEUYORixAxiABDINCAEQABiDARixAxiABDINCAIQABiDARixAxiABDINCAMQABiDARixAxiABDINCAQQABiDARixAxiABDIHCAUQABiABDIHCAYQABiABDIHCAcQABiABDIHCAgQABiABDIHCAkQABiABNIBCTg4OThqMGoxNagCCLACAfEFxCIulWBCvcnxBcQiLpVgQr3J&sourceid=chrome&ie=UTF-8,1,0,generated
378,585,3/15/2026,20:07:25,Data Science Course Overview - Internshala Trainings,https://trainings.internshala.com/pgc/dashboard/data-science-specialization-v3/overview/,176,0,link
379,585,3/15/2026,20:07:25,Data Science Course Overview - Internshala Trainings,https://trainings.internshala.com/pgc/dashboard/data-science-specialization-v3/overview/,176,0,link
380,602,3/15/2026,20:07:11,Internshala Trainings,https://trainings.internshala.com/pgc/dashboard/data-science-specialization-v3/course_details/,42,0,link
381,4301,3/15/2026,20:07:06,Internshala Trainings,https://trainings.internshala.com/certificate/share/dlm-ds-v3,1,0,link
382,4300,3/15/2026,20:06:12,Internshala Trainings,https://trainings.internshala.com/certificate/preview/dlm-ds-v3/yes/no,1,0,link
383,4299,3/15/2026,20:04:33,Internshala Trainings,https://trainings.internshala.com/feedback/index/dlm-ds-v3/no/,1,0,link
384,4014,3/15/2026,20:04:22,Internshala Trainings,https://trainings.internshala.com/learn/dlm-ds-v3/final-test,2,0,link
385,585,3/15/2026,20:04:09,Data Science Course Overview - Internshala Trainings,https://trainings.internshala.com/pgc/dashboard/data-science-specialization-v3/overview/,176,0,link
386,585,3/15/2026,20:04:09,Data Science Course Overview - Internshala Trainings,https://trainings.internshala.com/pgc/dashboard/data-science-specialization-v3/overview/,176,0,link
387,602,3/15/2026,20:03:55,Internshala Trainings,https://trainings.internshala.com/pgc/dashboard/data-science-specialization-v3/course_details/,42,0,link
388,585,3/15/2026,20:03:29,Data Science Course Overview - Internshala Trainings,https://trainings.internshala.com/pgc/dashboard/data-science-specialization-v3/overview/,176,0,link
389,4295,3/15/2026,20:03:24,Internshala Trainings,https://trainings.internshala.com/dashboard/?tracking_source=dashboard,1,0,link
390,571,3/15/2026,20:03:18,Internshala Trainings,https://trainings.internshala.com/dashboard/specializations/,5,0,link
391,585,3/15/2026,20:03:06,Data Science Course Overview - Internshala Trainings,https://trainings.internshala.com/pgc/dashboard/data-science-specialization-v3/overview/,176,0,link
392,585,3/15/2026,20:03:06,Data Science Course Overview - Internshala Trainings,https://trainings.internshala.com/pgc/dashboard/data-science-specialization-v3/overview/,176,0,link
393,4239,3/15/2026,20:02:32,Error,https://trainings.internshala.com/pgc/dashboard/,6,0,link
394,4232,3/15/2026,20:02:27,Internshala Trainings,https://trainings.internshala.com/certificate/share/general-aptitude,6,0,link
395,4266,3/15/2026,20:02:11,Internshala Trainings,https://trainings.internshala.com/certificate/preview/general-aptitude/coc/dashbaord/,4,0,link
396,3415,3/15/2026,20:02:02,Progress Report | Internshala Trainings,https://trainings.internshala.com/progress/home/general-aptitude/?parent_course_url=data-science-specialization-v3,30,0,link
397,786,3/15/2026,20:01:32,Internshala Trainings,https://trainings.internshala.com/pgc/dashboard/data-science-specialization-v3/placement_hub/home/,33,0,link
398,585,3/15/2026,20:01:19,Data Science Course Overview - Internshala Trainings,https://trainings.internshala.com/pgc/dashboard/data-science-specialization-v3/overview/,176,0,link
399,583,3/15/2026,20:01:16,Internshala Trainings,https://trainings.internshala.com/dashboard/specializations/?tracking_source=signup,99,0,link
400,582,3/15/2026,20:01:12,Data Science Placement Course with AI,https://trainings.internshala.com/data-science-placement-guarantee-course/?utm_source=is_web_custom_homepage_banner,93,0,link
401,581,3/15/2026,20:01:08,Internships | Jobs | Trainings & Placement Courses | Post a Job,https://internshala.com/student/dashboard,79,11,typed
402,4292,3/14/2026,18:13:22,Upload files · sumitsharma-11/Projects,https://github.com/sumitsharma-11/Projects/upload/main,8,0,link
403,4286,3/14/2026,18:13:11,sumitsharma-11/Projects: This repo is all about my data science projects,https://github.com/sumitsharma-11/Projects,40,0,link
404,4294,3/14/2026,18:09:35,Projects/Addidas project.pbix at main · sumitsharma-11/Projects,https://github.com/sumitsharma-11/Projects/blob/main/Addidas%20project.pbix,1,0,link
405,4286,3/14/2026,18:09:28,sumitsharma-11/Projects: This repo is all about my data science projects,https://github.com/sumitsharma-11/Projects,40,0,link
406,4293,3/14/2026,18:09:25,Processing your files…,https://github.com/sumitsharma-11/Projects/upload,6,0,form_submit
407,4292,3/14/2026,18:03:40,Upload files · sumitsharma-11/Projects,https://github.com/sumitsharma-11/Projects/upload/main,8,0,link
408,4291,3/14/2026,18:03:29,Issues · sumitsharma-11/Projects,https://github.com/sumitsharma-11/Projects/issues,10,0,link
409,4291,3/14/2026,18:03:29,Issues · sumitsharma-11/Projects,https://github.com/sumitsharma-11/Projects/issues,10,0,link
410,4286,3/14/2026,18:03:29,sumitsharma-11/Projects: This repo is all about my data science projects,https://github.com/sumitsharma-11/Projects,40,0,link
411,4286,3/14/2026,18:03:29,sumitsharma-11/Projects: This repo is all about my data science projects,https://github.com/sumitsharma-11/Projects,40,0,link
412,4286,3/14/2026,18:03:28,sumitsharma-11/Projects: This repo is all about my data science projects,https://github.com/sumitsharma-11/Projects,40,0,link
413,4291,3/14/2026,18:03:25,Issues · sumitsharma-11/Projects,https://github.com/sumitsharma-11/Projects/issues,10,0,link
414,4291,3/14/2026,18:03:25,Issues · sumitsharma-11/Projects,https://github.com/sumitsharma-11/Projects/issues,10,0,link
415,4291,3/14/2026,18:03:25,Issues · sumitsharma-11/Projects,https://github.com/sumitsharma-11/Projects/issues,10,0,link
416,4291,3/14/2026,18:03:25,Issues · sumitsharma-11/Projects,https://github.com/sumitsharma-11/Projects/issues,10,0,link
417,4289,3/14/2026,18:03:14,Initial commit · sumitsharma-11/Projects@c5e1472,https://github.com/sumitsharma-11/Projects/commit/c5e1472ff39c170efdc49744419a7fa9e95e726b,3,0,link
418,4286,3/14/2026,18:03:03,sumitsharma-11/Projects: This repo is all about my data science projects,https://github.com/sumitsharma-11/Projects,40,0,reload
419,2842,3/14/2026,17:56:58,Home - Google Drive,https://drive.google.com/drive/home,20,0,link
420,2842,3/14/2026,17:56:58,Home - Google Drive,https://drive.google.com/drive/home,20,0,link
421,4286,3/14/2026,17:52:59,sumitsharma-11/Projects: This repo is all about my data science projects,https://github.com/sumitsharma-11/Projects,40,0,link
422,4289,3/14/2026,17:52:52,Initial commit · sumitsharma-11/Projects@c5e1472,https://github.com/sumitsharma-11/Projects/commit/c5e1472ff39c170efdc49744419a7fa9e95e726b,3,0,link
423,4286,3/14/2026,17:52:42,sumitsharma-11/Projects: This repo is all about my data science projects,https://github.com/sumitsharma-11/Projects,40,0,link
424,4287,3/14/2026,17:52:40,Branches · sumitsharma-11/Projects,https://github.com/sumitsharma-11/Projects/branches,10,0,link
425,4290,3/14/2026,17:52:38,Branches · sumitsharma-11/Projects,https://github.com/sumitsharma-11/Projects/branches/yours,4,0,link
426,4287,3/14/2026,17:52:27,Branches · sumitsharma-11/Projects,https://github.com/sumitsharma-11/Projects/branches,10,0,link
427,4290,3/14/2026,17:52:25,Branches · sumitsharma-11/Projects,https://github.com/sumitsharma-11/Projects/branches/yours,4,0,link
428,4287,3/14/2026,17:51:43,Branches · sumitsharma-11/Projects,https://github.com/sumitsharma-11/Projects/branches,10,0,link
429,4286,3/14/2026,17:51:38,sumitsharma-11/Projects: This repo is all about my data science projects,https://github.com/sumitsharma-11/Projects,40,0,link
430,4286,3/14/2026,17:51:38,sumitsharma-11/Projects: This repo is all about my data science projects,https://github.com/sumitsharma-11/Projects,40,0,link
431,4286,3/14/2026,17:51:37,sumitsharma-11/Projects: This repo is all about my data science projects,https://github.com/sumitsharma-11/Projects,40,0,link
432,4287,3/14/2026,17:51:30,Branches · sumitsharma-11/Projects,https://github.com/sumitsharma-11/Projects/branches,10,0,link
433,2842,3/14/2026,17:45:39,Home - Google Drive,https://drive.google.com/drive/home,20,0,link
434,2842,3/14/2026,17:45:39,Home - Google Drive,https://drive.google.com/drive/home,20,0,link
435,4286,3/14/2026,17:37:33,sumitsharma-11/Projects: This repo is all about my data science projects,https://github.com/sumitsharma-11/Projects,40,0,reload
436,4165,3/14/2026,17:37:32,GitHub,https://github.com/,6,2,typed
437,4286,3/14/2026,17:37:27,sumitsharma-11/Projects: This repo is all about my data science projects,https://github.com/sumitsharma-11/Projects,40,0,reload
438,4288,3/14/2026,17:37:20,Commits · sumitsharma-11/Projects,https://github.com/sumitsharma-11/Projects/commits/main/,2,0,link
439,4289,3/14/2026,17:37:09,Initial commit · sumitsharma-11/Projects@c5e1472,https://github.com/sumitsharma-11/Projects/commit/c5e1472ff39c170efdc49744419a7fa9e95e726b,3,0,link
440,4288,3/14/2026,17:37:02,Commits · sumitsharma-11/Projects,https://github.com/sumitsharma-11/Projects/commits/main/,2,0,link
441,4286,3/14/2026,17:36:55,sumitsharma-11/Projects: This repo is all about my data science projects,https://github.com/sumitsharma-11/Projects,40,0,reload
442,4286,3/14/2026,17:33:00,sumitsharma-11/Projects: This repo is all about my data science projects,https://github.com/sumitsharma-11/Projects,40,0,reload
443,4287,3/14/2026,17:32:49,Branches · sumitsharma-11/Projects,https://github.com/sumitsharma-11/Projects/branches,10,0,link
444,4286,3/14/2026,17:32:45,sumitsharma-11/Projects: This repo is all about my data science projects,https://github.com/sumitsharma-11/Projects,40,0,reload
445,4286,3/14/2026,17:32:39,sumitsharma-11/Projects: This repo is all about my data science projects,https://github.com/sumitsharma-11/Projects,40,0,reload
446,4286,3/14/2026,17:31:42,sumitsharma-11/Projects: This repo is all about my data science projects,https://github.com/sumitsharma-11/Projects,40,0,reload
447,2842,3/14/2026,17:28:36,Home - Google Drive,https://drive.google.com/drive/home,20,0,link
448,2842,3/14/2026,17:28:36,Home - Google Drive,https://drive.google.com/drive/home,20,0,link
449,4286,3/14/2026,17:28:17,sumitsharma-11/Projects: This repo is all about my data science projects,https://github.com/sumitsharma-11/Projects,40,0,link
450,4165,3/14/2026,17:28:12,GitHub,https://github.com/,6,2,typed
451,2842,3/14/2026,17:11:30,Home - Google Drive,https://drive.google.com/drive/home,20,0,link
452,2842,3/14/2026,17:11:30,Home - Google Drive,https://drive.google.com/drive/home,20,0,link
453,2842,3/14/2026,17:10:42,Home - Google Drive,https://drive.google.com/drive/home,20,0,link
454,2845,3/14/2026,17:10:38,Google Drive,https://drive.google.com/drive/,8,0,link
455,4286,3/14/2026,12:45:12,sumitsharma-11/Projects: This repo is all about my data science projects,https://github.com/sumitsharma-11/Projects,40,0,reload
456,4286,3/14/2026,12:45:03,sumitsharma-11/Projects: This repo is all about my data science projects,https://github.com/sumitsharma-11/Projects,40,0,reload
457,3558,3/14/2026,12:36:03,Shared with me - Google Drive,https://drive.google.com/drive/shared-with-me,20,0,link
458,3558,3/14/2026,12:36:03,Shared with me - Google Drive,https://drive.google.com/drive/shared-with-me,20,0,link
459,4286,3/14/2026,12:31:40,sumitsharma-11/Projects: This repo is all about my data science projects,https://github.com/sumitsharma-11/Projects,40,0,link
460,4179,3/14/2026,12:28:06,New repository,https://github.com/new,2,0,link
461,4165,3/14/2026,12:27:58,GitHub,https://github.com/,6,2,reload
462,4165,3/14/2026,12:24:04,GitHub,https://github.com/,6,2,reload
463,3558,3/14/2026,12:20:44,Shared with me - Google Drive,https://drive.google.com/drive/shared-with-me,20,0,link
464,3558,3/14/2026,12:20:44,Shared with me - Google Drive,https://drive.google.com/drive/shared-with-me,20,0,link
465,3558,3/14/2026,12:18:39,Shared with me - Google Drive,https://drive.google.com/drive/shared-with-me,20,0,link
466,3558,3/14/2026,12:18:39,Shared with me - Google Drive,https://drive.google.com/drive/shared-with-me,20,0,link
467,3558,3/14/2026,12:18:30,Shared with me - Google Drive,https://drive.google.com/drive/shared-with-me,20,0,link
468,2842,3/14/2026,12:18:23,Home - Google Drive,https://drive.google.com/drive/home,20,0,link
469,2845,3/14/2026,12:18:18,Google Drive,https://drive.google.com/drive/,8,0,link
470,4285,3/14/2026,12:12:27,A brief introduction to Git for beginners | GitHub - YouTube,https://www.youtube.com/watch?v=r8jQ9hVA2qs&list=PL0lo9MOBetEFcp4SCWinBdpml9B2U25-f,1,0,link
471,4165,3/14/2026,12:12:16,GitHub,https://github.com/,6,2,link
472,4284,3/14/2026,12:12:08,git hub - Google Search,https://www.google.com/search?q=git+hub&oq=git+hub&gs_lcrp=EgZjaHJvbWUyBggAEEUYOTIPCAEQLhgKGMcBGNEDGIAEMgkIAhAAGAoYgAQyCQgDEAAYChiABDIJCAQQABgKGIAEMgkIBRAAGAoYgAQyCQgGEAAYChiABDIJCAcQABgKGIAE0gEJNjU5MmowajE1qAIIsAIB8QXENYK1pcNJXg&sourceid=chrome&ie=UTF-8,1,0,generated
473,786,3/14/2026,12:11:42,Internshala Trainings,https://trainings.internshala.com/pgc/dashboard/data-science-specialization-v3/placement_hub/home/,33,0,link
474,585,3/14/2026,12:11:28,Data Science Course Overview - Internshala Trainings,https://trainings.internshala.com/pgc/dashboard/data-science-specialization-v3/overview/,176,0,link
475,583,3/14/2026,12:11:25,Internshala Trainings,https://trainings.internshala.com/dashboard/specializations/?tracking_source=signup,99,0,link
476,582,3/14/2026,12:11:18,Data Science Placement Course with AI,https://trainings.internshala.com/data-science-placement-guarantee-course/?utm_source=is_web_custom_homepage_banner,93,0,link
477,581,3/14/2026,12:11:06,Internships | Jobs | Trainings & Placement Courses | Post a Job,https://internshala.com/student/dashboard,79,11,typed
478,4283,3/13/2026,21:24:53,Checkout,https://www.linkedin.com/self-serve-checkout/purchase-multi-seats/9965dd5c-3e39-4089-b236-ad16523d80a0AQAMAEFBQUFBQURDSDU0AAFDSDU0A6b7lEoENox7pAPYamHvteK61SxHZkVd_Eth4sXcFXqt04cA-tj9UCiNbEtribY9yhgNT2sYV088mTP2AKOe,1,0,link
479,4282,3/13/2026,21:24:22,Subscribe to LinkedIn Premium | LinkedIn,https://www.linkedin.com/premium/products/?didVisitSurvey=true&isSS=false&referenceId=kPos5bbiSPWeFMQ7NJU41A%3D%3D&surveyId=13&surveyQuestionAnswers=%5B%7B%22formElementUrn%22%3A%22urn%3Ali%3Afsd_premiumSurveyQuestion%3A22%22%2C%22formElementInputValues%22%3A%5B%7B%22entityInputValue%22%3A%7B%22inputEntityName%22%3A%22For%20my%20job%22%2C%22inputEntityUrn%22%3A%22urn%3Ali%3Afsd_premiumSurveyOption%3A7%22%7D%7D%5D%7D%2C%7B%22formElementUrn%22%3A%22urn%3Ali%3Afsd_premiumSurveyQuestion%3A23%22%2C%22formElementInputValues%22%3A%5B%7B%22entityInputValue%22%3A%7B%22inputEntityName%22%3A%22Stand%20out%20and%20land%20the%20right%20job%22%2C%22inputEntityUrn%22%3A%22urn%3Ali%3Afsd_premiumSurveyOption%3A1%22%7D%7D%5D%7D%2C%7B%22formElementUrn%22%3A%22urn%3Ali%3Afsd_premiumSurveyQuestion%3A13%22%2C%22formElementInputValues%22%3A%5B%7B%22entityInputValue%22%3A%7B%22inputEntityName%22%3A%22Standing%20out%20against%20other%20applicants%22%2C%22inputEntityUrn%22%3A%22urn%3Ali%3Afsd_premiumSurveyOption%3A8%22%7D%7D%5D%7D%5D&upsellOrderOrigin=Tracking%3Av1%3Apremium_nav_upsell_text%3ANav%3AIn-Product,1,0,link
480,4281,3/13/2026,21:24:02,Subscribe to LinkedIn Premium | LinkedIn,https://www.linkedin.com/premium/survey/?isSS=false&referenceId=kPos5bbiSPWeFMQ7NJU41A%3D%3D&upsellOrderOrigin=Tracking%3Av1%3Apremium_nav_upsell_text%3ANav%3AIn-Product,3,0,link
481,4281,3/13/2026,21:23:52,Subscribe to LinkedIn Premium | LinkedIn,https://www.linkedin.com/premium/survey/?isSS=false&referenceId=kPos5bbiSPWeFMQ7NJU41A%3D%3D&upsellOrderOrigin=Tracking%3Av1%3Apremium_nav_upsell_text%3ANav%3AIn-Product,3,0,link
482,4281,3/13/2026,21:23:41,Subscribe to LinkedIn Premium | LinkedIn,https://www.linkedin.com/premium/survey/?isSS=false&referenceId=kPos5bbiSPWeFMQ7NJU41A%3D%3D&upsellOrderOrigin=Tracking%3Av1%3Apremium_nav_upsell_text%3ANav%3AIn-Product,3,0,link
483,786,3/13/2026,21:23:29,Internshala Trainings,https://trainings.internshala.com/pgc/dashboard/data-science-specialization-v3/placement_hub/home/,33,0,reload
484,4132,3/13/2026,21:23:11,Activity | Anil Kumar Biswal | LinkedIn,https://www.linkedin.com/feed,5,0,link
485,4280,3/13/2026,21:22:41,Activity | Anil Kumar Biswal | LinkedIn,https://www.linkedin.com/in/anil-kumar-biswal/recent-activity/all/,1,0,link
486,4278,3/13/2026,21:22:14,LinkedIn,https://www.linkedin.com/in/anil-kumar-biswal/,4,0,link
487,4278,3/13/2026,21:22:03,LinkedIn,https://www.linkedin.com/in/anil-kumar-biswal/,4,0,link
488,4279,3/13/2026,21:21:58,Anil Kumar Biswal | LinkedIn,https://www.linkedin.com/in/anil-kumar-biswal/overlay/background-photo/,1,0,link
489,4278,3/13/2026,21:21:21,LinkedIn,https://www.linkedin.com/in/anil-kumar-biswal/,4,0,link
490,4278,3/13/2026,21:20:49,LinkedIn,https://www.linkedin.com/in/anil-kumar-biswal/,4,0,link
491,4277,3/13/2026,21:20:48,Feed | LinkedIn,https://www.linkedin.com/in/anil-kumar-biswal/?skipRedirect=true,1,0,link
492,4119,3/13/2026,21:20:13,Savitribai Phule Pune University: Overview | LinkedIn,https://www.linkedin.com/feed/,17,0,link
493,4132,3/13/2026,21:20:11,Activity | Anil Kumar Biswal | LinkedIn,https://www.linkedin.com/feed,5,0,reload
494,4132,3/13/2026,21:19:53,Activity | Anil Kumar Biswal | LinkedIn,https://www.linkedin.com/feed,5,0,link
495,4270,3/13/2026,21:19:46,Messaging | LinkedIn,https://www.linkedin.com/messaging/thread/2-ZmVkYmRmMGUtZjZhOC00Nzc2LWFkNGYtNjliMzQxZjRjOTg5XzEwMA==/,3,0,link
496,4119,3/13/2026,21:19:40,Savitribai Phule Pune University: Overview | LinkedIn,https://www.linkedin.com/feed/,17,0,link
497,4120,3/13/2026,21:18:24,Sai Mahathi Chaganti | LinkedIn,https://www.linkedin.com/in/sai-mahathi-chaganti-8308871b1/,5,0,link
498,4276,3/13/2026,21:18:22,sumit Sharma | LinkedIn,https://www.linkedin.com/in/sai-mahathi-chaganti-8308871b1/?skipRedirect=true,1,0,link
499,4119,3/13/2026,21:13:47,Savitribai Phule Pune University: Overview | LinkedIn,https://www.linkedin.com/feed/,17,0,link
500,4132,3/13/2026,21:13:47,Activity | Anil Kumar Biswal | LinkedIn,https://www.linkedin.com/feed,5,0,link
501,4275,3/13/2026,21:13:23,2026 Best AI Awards: Overview | LinkedIn,https://www.linkedin.com/company/2026-best-ai-awards/,1,0,link
502,4274,3/13/2026,21:13:21,LinkedIn,https://www.linkedin.com/company/106643493/,1,0,link
503,4273,3/13/2026,21:13:19,LinkedIn,https://www.linkedin.com/company/106643493,1,0,link
504,4270,3/13/2026,21:13:09,Messaging | LinkedIn,https://www.linkedin.com/messaging/thread/2-ZmVkYmRmMGUtZjZhOC00Nzc2LWFkNGYtNjliMzQxZjRjOTg5XzEwMA==/,3,0,link
505,4270,3/13/2026,21:13:01,Messaging | LinkedIn,https://www.linkedin.com/messaging/thread/2-ZmVkYmRmMGUtZjZhOC00Nzc2LWFkNGYtNjliMzQxZjRjOTg5XzEwMA==/,3,0,link
506,4239,3/13/2026,21:12:07,Error,https://trainings.internshala.com/pgc/dashboard/,6,0,reload
507,4239,3/13/2026,21:12:07,Error,https://trainings.internshala.com/pgc/dashboard/,6,0,reload
508,4239,3/13/2026,21:12:07,Error,https://trainings.internshala.com/pgc/dashboard/,6,0,reload
509,4239,3/13/2026,21:12:06,Error,https://trainings.internshala.com/pgc/dashboard/,6,0,reload
510,4239,3/13/2026,21:12:04,Error,https://trainings.internshala.com/pgc/dashboard/,6,0,reload
511,4239,3/13/2026,21:11:59,Error,https://trainings.internshala.com/pgc/dashboard/,6,0,link
512,4237,3/13/2026,21:11:48,Internshala Trainings,https://trainings.internshala.com/certificate/share/general-aptitude/,5,0,link
513,4268,3/13/2026,21:11:19,Internships | Jobs | Trainings & Placement Courses | Post a Job,https://internshala.com/student/resume_for_trainings,4,0,link
514,4269,3/13/2026,21:11:18,Internships | Jobs | Trainings & Placement Courses | Post a Job,https://internshala.com/student/resume_for_trainings?alp=dWlkPTIwNzk2MTUyJm10eXBlPWFsbyZzZD0yMDI2LTAzLTEzJnJzPTY2NDg3ZmRmJnNpZz04N2E0YzVlNDIwNmI0MWUwZDI4OTVhNzVjNDgyMTA4ZjIyYmM0MGM3YmVkOGEyNjU3Nzc5YWE5NThjNTkzYjRh,1,0,link
515,4232,3/13/2026,21:11:05,Internshala Trainings,https://trainings.internshala.com/certificate/share/general-aptitude,6,0,link
516,4237,3/13/2026,21:11:05,Internshala Trainings,https://trainings.internshala.com/certificate/share/general-aptitude/,5,0,link
517,4268,3/13/2026,21:10:53,Internships | Jobs | Trainings & Placement Courses | Post a Job,https://internshala.com/student/resume_for_trainings,4,0,link
518,3916,3/13/2026,21:10:50,Online Courses & Summer Training - Internshala Trainings,https://trainings.internshala.com/,4,0,link
519,4268,3/13/2026,21:10:47,Internships | Jobs | Trainings & Placement Courses | Post a Job,https://internshala.com/student/resume_for_trainings,4,0,link
520,3916,3/13/2026,21:10:42,Online Courses & Summer Training - Internshala Trainings,https://trainings.internshala.com/,4,0,link
521,4268,3/13/2026,21:10:39,Internships | Jobs | Trainings & Placement Courses | Post a Job,https://internshala.com/student/resume_for_trainings,4,0,link
522,4267,3/13/2026,21:10:38,Internships | Jobs | Trainings & Placement Courses | Post a Job,https://internshala.com/student/resume_for_trainings?alp=dWlkPTIwNzk2MTUyJm10eXBlPWFsbyZzZD0yMDI2LTAzLTEzJnJzPTIyY2Y4NTgwJnNpZz03Y2ZjZDkzOThjMmNlOWY1OGM3NzE4MzVkOTUxM2RhZTE2YWYzNzdmZTQwZWQ0MGY2YTZjNTI0MWI4M2MxNzA4,1,0,link
523,4232,3/13/2026,21:10:22,Internshala Trainings,https://trainings.internshala.com/certificate/share/general-aptitude,6,0,link
524,4266,3/13/2026,21:09:57,Internshala Trainings,https://trainings.internshala.com/certificate/preview/general-aptitude/coc/dashbaord/,4,0,link
525,3415,3/13/2026,21:09:34,Progress Report | Internshala Trainings,https://trainings.internshala.com/progress/home/general-aptitude/?parent_course_url=data-science-specialization-v3,30,0,link
526,3415,3/13/2026,21:09:33,Progress Report | Internshala Trainings,https://trainings.internshala.com/progress/home/general-aptitude/?parent_course_url=data-science-specialization-v3,30,0,link
527,4239,3/13/2026,21:09:26,Error,https://trainings.internshala.com/pgc/dashboard/,6,0,link
528,4237,3/13/2026,21:09:23,Internshala Trainings,https://trainings.internshala.com/certificate/share/general-aptitude/,5,0,link
529,4239,3/13/2026,21:09:16,Error,https://trainings.internshala.com/pgc/dashboard/,6,0,link
530,4232,3/13/2026,21:09:10,Internshala Trainings,https://trainings.internshala.com/certificate/share/general-aptitude,6,0,link
531,4237,3/13/2026,21:09:10,Internshala Trainings,https://trainings.internshala.com/certificate/share/general-aptitude/,5,0,link
532,4239,3/13/2026,21:08:48,Error,https://trainings.internshala.com/pgc/dashboard/,6,0,link
533,4232,3/13/2026,21:08:39,Internshala Trainings,https://trainings.internshala.com/certificate/share/general-aptitude,6,0,link
534,4266,3/13/2026,21:08:30,Internshala Trainings,https://trainings.internshala.com/certificate/preview/general-aptitude/coc/dashbaord/,4,0,link
535,3415,3/13/2026,21:08:21,Progress Report | Internshala Trainings,https://trainings.internshala.com/progress/home/general-aptitude/?parent_course_url=data-science-specialization-v3,30,0,link
536,4266,3/13/2026,21:08:09,Internshala Trainings,https://trainings.internshala.com/certificate/preview/general-aptitude/coc/dashbaord/,4,0,link
537,3415,3/13/2026,21:07:54,Progress Report | Internshala Trainings,https://trainings.internshala.com/progress/home/general-aptitude/?parent_course_url=data-science-specialization-v3,30,0,link
538,786,3/13/2026,21:07:22,Internshala Trainings,https://trainings.internshala.com/pgc/dashboard/data-science-specialization-v3/placement_hub/home/,33,0,link
539,585,3/13/2026,21:06:27,Data Science Course Overview - Internshala Trainings,https://trainings.internshala.com/pgc/dashboard/data-science-specialization-v3/overview/,176,0,link
540,585,3/13/2026,21:06:27,Data Science Course Overview - Internshala Trainings,https://trainings.internshala.com/pgc/dashboard/data-science-specialization-v3/overview/,176,0,link
541,602,3/13/2026,21:05:57,Internshala Trainings,https://trainings.internshala.com/pgc/dashboard/data-science-specialization-v3/course_details/,42,0,link
542,585,3/13/2026,21:05:51,Data Science Course Overview - Internshala Trainings,https://trainings.internshala.com/pgc/dashboard/data-science-specialization-v3/overview/,176,0,link
543,585,3/13/2026,21:05:51,Data Science Course Overview - Internshala Trainings,https://trainings.internshala.com/pgc/dashboard/data-science-specialization-v3/overview/,176,0,link
544,786,3/13/2026,21:05:08,Internshala Trainings,https://trainings.internshala.com/pgc/dashboard/data-science-specialization-v3/placement_hub/home/,33,0,link
545,585,3/13/2026,21:04:56,Data Science Course Overview - Internshala Trainings,https://trainings.internshala.com/pgc/dashboard/data-science-specialization-v3/overview/,176,0,link
546,571,3/13/2026,21:04:53,Internshala Trainings,https://trainings.internshala.com/dashboard/specializations/,5,0,link
547,4244,3/13/2026,21:04:48,Internshala Trainings,https://trainings.internshala.com/placement_hub/home/data-science-specialization-v3/,2,0,link
548,786,3/13/2026,21:04:40,Internshala Trainings,https://trainings.internshala.com/pgc/dashboard/data-science-specialization-v3/placement_hub/home/,33,0,reload
549,4261,3/13/2026,21:02:21,sumit Sharma | LinkedIn,https://www.linkedin.com/in/sumit-sharma-880840278/edit/forms/summary/new/?profileFormEntryPoint=GUIDANCE_CARD,2,0,link
550,4262,3/13/2026,21:02:17,sumit Sharma | LinkedIn,https://www.linkedin.com/in/sumit-sharma-880840278/edit/forms/next-action/premium-upsell-about-card/,1,0,link
551,4261,3/13/2026,20:59:49,sumit Sharma | LinkedIn,https://www.linkedin.com/in/sumit-sharma-880840278/edit/forms/summary/new/?profileFormEntryPoint=GUIDANCE_CARD,2,0,link
552,1464,3/13/2026,20:59:29,sumit Sharma | LinkedIn,https://www.linkedin.com/in/sumit-sharma-880840278/,19,0,link
553,4258,3/13/2026,20:59:29,LinkedIn,https://www.linkedin.com/in/sumit-sharma-880840278/edit/intro/,2,0,link
554,4259,3/13/2026,20:59:26,sumit Sharma | LinkedIn,https://www.linkedin.com/in/sumit-sharma-880840278/edit/forms/next-action/premium-upsell-top-card/,1,0,link
555,4258,3/13/2026,20:58:08,LinkedIn,https://www.linkedin.com/in/sumit-sharma-880840278/edit/intro/,2,0,link
556,1464,3/13/2026,20:58:02,sumit Sharma | LinkedIn,https://www.linkedin.com/in/sumit-sharma-880840278/,19,0,link
557,4257,3/13/2026,20:58:00,Feed | LinkedIn,https://www.linkedin.com/in/sumit-sharma-880840278/?skipRedirect=true,5,0,link
558,4122,3/13/2026,20:57:45,LinkedIn,https://www.linkedin.com/notifications/?filter=all,9,4,typed
559,3351,3/13/2026,20:55:09,Internships | Jobs | Trainings & Placement Courses | Post a Job,https://internshala.com/student/resume?source=placement_hub_resume&course_url=data-science-specialization-v3,38,0,link
560,4254,3/13/2026,20:55:09,Internships | Jobs | Trainings & Placement Courses | Post a Job,https://internshala.com/student/resume?source=placement_hub_resume&course_url=data-science-specialization-v3#edit-training,18,0,link
561,3351,3/13/2026,20:55:00,Internships | Jobs | Trainings & Placement Courses | Post a Job,https://internshala.com/student/resume?source=placement_hub_resume&course_url=data-science-specialization-v3,38,0,link
562,4254,3/13/2026,20:55:00,Internships | Jobs | Trainings & Placement Courses | Post a Job,https://internshala.com/student/resume?source=placement_hub_resume&course_url=data-science-specialization-v3#edit-training,18,0,link
563,3351,3/13/2026,20:54:54,Internships | Jobs | Trainings & Placement Courses | Post a Job,https://internshala.com/student/resume?source=placement_hub_resume&course_url=data-science-specialization-v3,38,0,link
564,4254,3/13/2026,20:54:54,Internships | Jobs | Trainings & Placement Courses | Post a Job,https://internshala.com/student/resume?source=placement_hub_resume&course_url=data-science-specialization-v3#edit-training,18,0,link
565,3351,3/13/2026,20:54:50,Internships | Jobs | Trainings & Placement Courses | Post a Job,https://internshala.com/student/resume?source=placement_hub_resume&course_url=data-science-specialization-v3,38,0,link
566,4254,3/13/2026,20:54:50,Internships | Jobs | Trainings & Placement Courses | Post a Job,https://internshala.com/student/resume?source=placement_hub_resume&course_url=data-science-specialization-v3#edit-training,18,0,link
567,3351,3/13/2026,20:54:42,Internships | Jobs | Trainings & Placement Courses | Post a Job,https://internshala.com/student/resume?source=placement_hub_resume&course_url=data-science-specialization-v3,38,0,link
568,4254,3/13/2026,20:54:42,Internships | Jobs | Trainings & Placement Courses | Post a Job,https://internshala.com/student/resume?source=placement_hub_resume&course_url=data-science-specialization-v3#edit-training,18,0,link
569,3351,3/13/2026,20:54:39,Internships | Jobs | Trainings & Placement Courses | Post a Job,https://internshala.com/student/resume?source=placement_hub_resume&course_url=data-science-specialization-v3,38,0,link
570,4254,3/13/2026,20:54:39,Internships | Jobs | Trainings & Placement Courses | Post a Job,https://internshala.com/student/resume?source=placement_hub_resume&course_url=data-science-specialization-v3#edit-training,18,0,link
571,3351,3/13/2026,20:54:31,Internships | Jobs | Trainings & Placement Courses | Post a Job,https://internshala.com/student/resume?source=placement_hub_resume&course_url=data-science-specialization-v3,38,0,link
572,4254,3/13/2026,20:54:31,Internships | Jobs | Trainings & Placement Courses | Post a Job,https://internshala.com/student/resume?source=placement_hub_resume&course_url=data-science-specialization-v3#edit-training,18,0,link
573,3351,3/13/2026,20:54:24,Internships | Jobs | Trainings & Placement Courses | Post a Job,https://internshala.com/student/resume?source=placement_hub_resume&course_url=data-science-specialization-v3,38,0,link
574,4254,3/13/2026,20:54:24,Internships | Jobs | Trainings & Placement Courses | Post a Job,https://internshala.com/student/resume?source=placement_hub_resume&course_url=data-science-specialization-v3#edit-training,18,0,link
575,3351,3/13/2026,20:53:47,Internships | Jobs | Trainings & Placement Courses | Post a Job,https://internshala.com/student/resume?source=placement_hub_resume&course_url=data-science-specialization-v3,38,0,link
576,4254,3/13/2026,20:53:47,Internships | Jobs | Trainings & Placement Courses | Post a Job,https://internshala.com/student/resume?source=placement_hub_resume&course_url=data-science-specialization-v3#edit-training,18,0,link
577,3351,3/13/2026,20:53:38,Internships | Jobs | Trainings & Placement Courses | Post a Job,https://internshala.com/student/resume?source=placement_hub_resume&course_url=data-science-specialization-v3,38,0,link
578,4254,3/13/2026,20:53:38,Internships | Jobs | Trainings & Placement Courses | Post a Job,https://internshala.com/student/resume?source=placement_hub_resume&course_url=data-science-specialization-v3#edit-training,18,0,link
579,3351,3/13/2026,20:53:36,Internships | Jobs | Trainings & Placement Courses | Post a Job,https://internshala.com/student/resume?source=placement_hub_resume&course_url=data-science-specialization-v3,38,0,link
580,4254,3/13/2026,20:53:36,Internships | Jobs | Trainings & Placement Courses | Post a Job,https://internshala.com/student/resume?source=placement_hub_resume&course_url=data-science-specialization-v3#edit-training,18,0,link
581,3351,3/13/2026,20:53:23,Internships | Jobs | Trainings & Placement Courses | Post a Job,https://internshala.com/student/resume?source=placement_hub_resume&course_url=data-science-specialization-v3,38,0,link
582,4254,3/13/2026,20:53:23,Internships | Jobs | Trainings & Placement Courses | Post a Job,https://internshala.com/student/resume?source=placement_hub_resume&course_url=data-science-specialization-v3#edit-training,18,0,link
583,3351,3/13/2026,20:53:04,Internships | Jobs | Trainings & Placement Courses | Post a Job,https://internshala.com/student/resume?source=placement_hub_resume&course_url=data-science-specialization-v3,38,0,reload
584,3351,3/13/2026,20:52:59,Internships | Jobs | Trainings & Placement Courses | Post a Job,https://internshala.com/student/resume?source=placement_hub_resume&course_url=data-science-specialization-v3,38,0,link
585,4254,3/13/2026,20:52:59,Internships | Jobs | Trainings & Placement Courses | Post a Job,https://internshala.com/student/resume?source=placement_hub_resume&course_url=data-science-specialization-v3#edit-training,18,0,link
586,3351,3/13/2026,20:52:51,Internships | Jobs | Trainings & Placement Courses | Post a Job,https://internshala.com/student/resume?source=placement_hub_resume&course_url=data-science-specialization-v3,38,0,link
587,4254,3/13/2026,20:52:51,Internships | Jobs | Trainings & Placement Courses | Post a Job,https://internshala.com/student/resume?source=placement_hub_resume&course_url=data-science-specialization-v3#edit-training,18,0,link
588,3351,3/13/2026,20:52:31,Internships | Jobs | Trainings & Placement Courses | Post a Job,https://internshala.com/student/resume?source=placement_hub_resume&course_url=data-science-specialization-v3,38,0,link
589,4254,3/13/2026,20:52:31,Internships | Jobs | Trainings & Placement Courses | Post a Job,https://internshala.com/student/resume?source=placement_hub_resume&course_url=data-science-specialization-v3#edit-training,18,0,link
590,3351,3/13/2026,20:52:21,Internships | Jobs | Trainings & Placement Courses | Post a Job,https://internshala.com/student/resume?source=placement_hub_resume&course_url=data-science-specialization-v3,38,0,link
591,4254,3/13/2026,20:52:21,Internships | Jobs | Trainings & Placement Courses | Post a Job,https://internshala.com/student/resume?source=placement_hub_resume&course_url=data-science-specialization-v3#edit-training,18,0,link
592,4256,3/13/2026,20:50:40,Google Gemini,https://gemini.google.com/app/cfe1e845104d04b1?hl=en-IN,1,0,link
593,4251,3/13/2026,20:49:09,Google Gemini,https://gemini.google.com/app?hl=en-IN,2,0,link
594,3351,3/13/2026,20:45:28,Internships | Jobs | Trainings & Placement Courses | Post a Job,https://internshala.com/student/resume?source=placement_hub_resume&course_url=data-science-specialization-v3,38,0,link
595,4255,3/13/2026,20:45:28,Internships | Jobs | Trainings & Placement Courses | Post a Job,https://internshala.com/student/resume?source=placement_hub_resume&course_url=data-science-specialization-v3#work-sample,12,0,link
596,3351,3/13/2026,20:45:18,Internships | Jobs | Trainings & Placement Courses | Post a Job,https://internshala.com/student/resume?source=placement_hub_resume&course_url=data-science-specialization-v3,38,0,link
597,4255,3/13/2026,20:45:18,Internships | Jobs | Trainings & Placement Courses | Post a Job,https://internshala.com/student/resume?source=placement_hub_resume&course_url=data-science-specialization-v3#work-sample,12,0,link
598,3351,3/13/2026,20:42:45,Internships | Jobs | Trainings & Placement Courses | Post a Job,https://internshala.com/student/resume?source=placement_hub_resume&course_url=data-science-specialization-v3,38,0,link
599,4254,3/13/2026,20:42:45,Internships | Jobs | Trainings & Placement Courses | Post a Job,https://internshala.com/student/resume?source=placement_hub_resume&course_url=data-science-specialization-v3#edit-training,18,0,link
600,3351,3/13/2026,20:42:40,Internships | Jobs | Trainings & Placement Courses | Post a Job,https://internshala.com/student/resume?source=placement_hub_resume&course_url=data-science-specialization-v3,38,0,link
601,4254,3/13/2026,20:42:40,Internships | Jobs | Trainings & Placement Courses | Post a Job,https://internshala.com/student/resume?source=placement_hub_resume&course_url=data-science-specialization-v3#edit-training,18,0,link
602,3351,3/13/2026,20:39:53,Internships | Jobs | Trainings & Placement Courses | Post a Job,https://internshala.com/student/resume?source=placement_hub_resume&course_url=data-science-specialization-v3,38,0,link
603,4253,3/13/2026,20:39:53,Internships | Jobs | Trainings & Placement Courses | Post a Job,https://internshala.com/student/resume?source=placement_hub_resume&course_url=data-science-specialization-v3#accomplishments,2,0,link
604,3351,3/13/2026,20:35:54,Internships | Jobs | Trainings & Placement Courses | Post a Job,https://internshala.com/student/resume?source=placement_hub_resume&course_url=data-science-specialization-v3,38,0,link
605,4253,3/13/2026,20:35:54,Internships | Jobs | Trainings & Placement Courses | Post a Job,https://internshala.com/student/resume?source=placement_hub_resume&course_url=data-science-specialization-v3#accomplishments,2,0,link
606,4252,3/13/2026,20:31:49,Google Gemini,https://gemini.google.com/app/d956a93ef03f4be2?hl=en-IN,1,0,link
607,4251,3/13/2026,20:29:32,Google Gemini,https://gemini.google.com/app?hl=en-IN,2,0,link
608,4250,3/13/2026,20:29:30,‎Google Gemini,https://gemini.google.com/?hl=en-IN,1,0,link
609,4249,3/13/2026,20:29:26,gemini - Google Search,https://www.google.com/search?q=gemini&oq=grm&gs_lcrp=EgZjaHJvbWUqDggBEAAYChgLGLEDGIAEMgkIABBFGDkYgAQyDggBEAAYChgLGLEDGIAEMhEIAhAAGAoYCxiDARixAxiABDIOCAMQABgKGAsYsQMYgAQyEQgEEAAYChgLGIMBGLEDGIAEMgkIBRAAGAoYgAQyEQgGEAAYChgLGIMBGLEDGIAEMgYIBxAFGEDSAQgyMzMwajBqN6gCALACAA&sourceid=chrome&ie=UTF-8,1,0,generated
610,3351,3/13/2026,20:28:16,Internships | Jobs | Trainings & Placement Courses | Post a Job,https://internshala.com/student/resume?source=placement_hub_resume&course_url=data-science-specialization-v3,38,0,link
611,4246,3/13/2026,20:28:14,Internships | Jobs | Trainings & Placement Courses | Post a Job,https://internshala.com/student/resume?utm_source=placement_hub_resume&source=placement_hub_resume&course_url=data-science-specialization-v3&alp=dWlkPTIwNzk2MTUyJm10eXBlPWFsbyZzZD0yMDI2LTAzLTEzJnJzPTUyNTI2OTVkJnNpZz1kYTk2NmRiYTMzMDRlM2ZmMGIwYzQ4ZjIyMmE1ODgxNGQ2ZWQ2NmYzYTI4ZmM2NjAwODljMTIzYzY2NmZmMjc4,2,0,link
612,4248,3/13/2026,20:27:15,ResumeFeedback.pdf,file:///C:/Users/sony/Downloads/ResumeFeedback.pdf,1,0,link
613,4247,3/13/2026,20:27:04,[Action Required] Update your resume before your resume review session - sumitsharma78437@gmail.com - Gmail,https://mail.google.com/mail/u/0/?tab=rm&ogbl#inbox/FMfcgzQfCMvFPZJhsWHnXXsbZpZZnMJM,1,0,link
614,355,3/13/2026,20:27:00,"Inbox (3,729) - sumitsharma78437@gmail.com - Gmail",https://mail.google.com/mail/u/0/?tab=rm&ogbl#inbox,18,0,link
615,296,3/13/2026,20:26:56,"Inbox (3,729) - sumitsharma78437@gmail.com - Gmail",https://mail.google.com/mail/u/0/?tab=rm&ogbl,6,0,link
616,3351,3/13/2026,20:26:38,Internships | Jobs | Trainings & Placement Courses | Post a Job,https://internshala.com/student/resume?source=placement_hub_resume&course_url=data-science-specialization-v3,38,0,link
617,4246,3/13/2026,20:26:37,Internships | Jobs | Trainings & Placement Courses | Post a Job,https://internshala.com/student/resume?utm_source=placement_hub_resume&source=placement_hub_resume&course_url=data-science-specialization-v3&alp=dWlkPTIwNzk2MTUyJm10eXBlPWFsbyZzZD0yMDI2LTAzLTEzJnJzPTUyNTI2OTVkJnNpZz1kYTk2NmRiYTMzMDRlM2ZmMGIwYzQ4ZjIyMmE1ODgxNGQ2ZWQ2NmYzYTI4ZmM2NjAwODljMTIzYzY2NmZmMjc4,2,0,link
618,3681,3/13/2026,20:25:13,Video-Resume-Sample.mp4 - Google Drive,https://drive.google.com/file/d/1QG0bxizEshbypVW_14bAozXau80zCcrm/view,3,0,link
619,3680,3/13/2026,20:25:12,Video-Resume-Sample.mp4 - Google Drive,https://drive.google.com/file/d/1QG0bxizEshbypVW_14bAozXau80zCcrm/view?usp=sharing,3,0,link
620,786,3/13/2026,20:24:55,Internshala Trainings,https://trainings.internshala.com/pgc/dashboard/data-science-specialization-v3/placement_hub/home/,33,0,link
621,585,3/13/2026,20:24:45,Data Science Course Overview - Internshala Trainings,https://trainings.internshala.com/pgc/dashboard/data-science-specialization-v3/overview/,176,0,link
622,571,3/13/2026,20:24:42,Internshala Trainings,https://trainings.internshala.com/dashboard/specializations/,5,0,link
623,4244,3/13/2026,20:24:38,Internshala Trainings,https://trainings.internshala.com/placement_hub/home/data-science-specialization-v3/,2,0,link
624,3351,3/13/2026,20:23:49,Internships | Jobs | Trainings & Placement Courses | Post a Job,https://internshala.com/student/resume?source=placement_hub_resume&course_url=data-science-specialization-v3,38,0,link
625,4242,3/13/2026,20:23:48,Internships | Jobs | Trainings & Placement Courses | Post a Job,https://internshala.com/student/resume?utm_source=placement_hub_resume&source=placement_hub_resume&course_url=data-science-specialization-v3&alp=dWlkPTIwNzk2MTUyJm10eXBlPWFsbyZzZD0yMDI2LTAzLTEzJnJzPWU5NjI5NDM0JnNpZz01Yjc4ZGQzNTc2N2FmZjA0ZTQxNGQ2OTU5MjU3ZWY1ODRlMDM3YzgyNzM1OGQxYWU1OTYxZGY3ODE0MTk0Yzli,1,0,link
626,786,3/13/2026,20:23:04,Internshala Trainings,https://trainings.internshala.com/pgc/dashboard/data-science-specialization-v3/placement_hub/home/,33,0,reload
627,786,3/13/2026,20:19:08,Internshala Trainings,https://trainings.internshala.com/pgc/dashboard/data-science-specialization-v3/placement_hub/home/,33,0,link
628,3349,3/13/2026,20:18:23,Internshala Trainings,https://trainings.internshala.com/pgc/dashboard/data-science-specialization-v3/placement_hub/schedule_session/resume_vetting_mock_pi/,5,0,link
629,786,3/13/2026,20:18:19,Internshala Trainings,https://trainings.internshala.com/pgc/dashboard/data-science-specialization-v3/placement_hub/home/,33,0,link
630,585,3/13/2026,20:18:11,Data Science Course Overview - Internshala Trainings,https://trainings.internshala.com/pgc/dashboard/data-science-specialization-v3/overview/,176,0,link
631,585,3/13/2026,20:18:10,Data Science Course Overview - Internshala Trainings,https://trainings.internshala.com/pgc/dashboard/data-science-specialization-v3/overview/,176,0,link
632,4239,3/13/2026,20:17:48,Error,https://trainings.internshala.com/pgc/dashboard/,6,0,reload
633,4239,3/13/2026,20:17:44,Error,https://trainings.internshala.com/pgc/dashboard/,6,0,link
634,4232,3/13/2026,20:17:36,Internshala Trainings,https://trainings.internshala.com/certificate/share/general-aptitude,6,0,reload
635,4237,3/13/2026,20:17:36,Internshala Trainings,https://trainings.internshala.com/certificate/share/general-aptitude/,5,0,reload
636,4236,3/13/2026,20:16:37,Feed | LinkedIn,https://www.linkedin.com/feed/?shareActive=true&text=A%20little%20progress%20each%20day%20adds%20up%20to%20big%20results%21%20I%20am%20glad%20to%20share%20that%20I%20have%20successfully%20completed%20General%20Aptitude%20course%20from%20Internshala%20Trainings.%20Check%20out%20my%20certificate%20here%21%20&url=https%3A%2F%2Ftrainings.internshala.com%2Fs%2Fv%2F3867836%2F1313b193&shareUrl=https%3A%2F%2Ftrainings.internshala.com%2Fs%2Fv%2F3867836%2F1313b193&linkOrigin=LI_BADGE,1,0,link
637,4233,3/13/2026,20:16:27,LinkedIn,https://www.linkedin.com/shareArticle?mini=true&url=https://trainings.internshala.com/s/v/3867836/1313b193&text=A%20little%20progress%20each%20day%20adds%20up%20to%20big%20results!%20I%20am%20glad%20to%20share%20that%20I%20have%20successfully%20completed%20General%20Aptitude%20course%20from%20Internshala%20Trainings.%20Check%20out%20my%20certificate%20here!%20,1,0,link
638,4232,3/13/2026,20:16:17,Internshala Trainings,https://trainings.internshala.com/certificate/share/general-aptitude,6,0,link
639,4231,3/13/2026,20:15:47,Internshala Trainings,https://trainings.internshala.com/certificate/preview/general-aptitude,1,0,link
640,4230,3/13/2026,20:15:15,Internshala Trainings,https://trainings.internshala.com/certificate/details/general-aptitude/,1,0,link
641,4228,3/13/2026,20:15:14,Internshala Trainings,https://trainings.internshala.com/certificate/preview/general-aptitude/yes/no,1,0,link
642,4227,3/13/2026,20:13:41,Internshala Trainings,https://trainings.internshala.com/feedback/index/general-aptitude/no/,1,0,link
643,4223,3/13/2026,20:13:12,Internshala Trainings,https://trainings.internshala.com/learn/general-aptitude/final-test/,2,0,link
644,4223,3/13/2026,19:57:58,Internshala Trainings,https://trainings.internshala.com/learn/general-aptitude/final-test/,2,0,link
645,4222,3/13/2026,19:57:50,Internshala Trainings,https://trainings.internshala.com/learn/general-aptitude/module-test/2101,2,0,link
646,4222,3/13/2026,19:48:20,Internshala Trainings,https://trainings.internshala.com/learn/general-aptitude/module-test/2101,2,0,link
647,4221,3/13/2026,19:48:07,Internshala Trainings,https://trainings.internshala.com/learn/general-aptitude/screen/39142,5,0,link
648,4221,3/13/2026,19:47:54,Internshala Trainings,https://trainings.internshala.com/learn/general-aptitude/screen/39142,5,0,link
649,4221,3/13/2026,19:47:43,Internshala Trainings,https://trainings.internshala.com/learn/general-aptitude/screen/39142,5,0,link
650,4221,3/13/2026,19:47:31,Internshala Trainings,https://trainings.internshala.com/learn/general-aptitude/screen/39142,5,0,link
651,4221,3/13/2026,19:47:14,Internshala Trainings,https://trainings.internshala.com/learn/general-aptitude/screen/39142,5,0,link
652,4220,3/13/2026,19:47:11,Internshala Trainings,https://trainings.internshala.com/learn/general-aptitude/screen/39141,1,0,link
653,4219,3/13/2026,19:46:59,Internshala Trainings,https://trainings.internshala.com/learn/general-aptitude/screen/39140,5,0,link
654,4219,3/13/2026,19:46:44,Internshala Trainings,https://trainings.internshala.com/learn/general-aptitude/screen/39140,5,0,link
655,4219,3/13/2026,19:46:30,Internshala Trainings,https://trainings.internshala.com/learn/general-aptitude/screen/39140,5,0,link
656,4219,3/13/2026,19:45:25,Internshala Trainings,https://trainings.internshala.com/learn/general-aptitude/screen/39140,5,0,link
657,4219,3/13/2026,19:44:32,Internshala Trainings,https://trainings.internshala.com/learn/general-aptitude/screen/39140,5,0,link
658,3813,3/13/2026,19:44:24,Internshala Trainings,https://trainings.internshala.com/learn/general-aptitude/screen/39139,2,0,link
659,3415,3/13/2026,19:44:21,Progress Report | Internshala Trainings,https://trainings.internshala.com/progress/home/general-aptitude/?parent_course_url=data-science-specialization-v3,30,0,link
660,786,3/13/2026,19:44:02,Internshala Trainings,https://trainings.internshala.com/pgc/dashboard/data-science-specialization-v3/placement_hub/home/,33,0,link
661,585,3/13/2026,19:43:16,Data Science Course Overview - Internshala Trainings,https://trainings.internshala.com/pgc/dashboard/data-science-specialization-v3/overview/,176,0,link
662,663,3/13/2026,19:43:07,Internshala Trainings,https://trainings.internshala.com/pgc/dashboard/data-science-specialization-v3/marksheet/,15,0,link
663,585,3/13/2026,19:42:58,Data Science Course Overview - Internshala Trainings,https://trainings.internshala.com/pgc/dashboard/data-science-specialization-v3/overview/,176,0,link
664,583,3/13/2026,19:42:55,Internshala Trainings,https://trainings.internshala.com/dashboard/specializations/?tracking_source=signup,99,0,link
665,582,3/13/2026,19:42:49,Data Science Placement Course with AI,https://trainings.internshala.com/data-science-placement-guarantee-course/?utm_source=is_web_custom_homepage_banner,93,0,link
666,581,3/13/2026,19:42:36,Internships | Jobs | Trainings & Placement Courses | Post a Job,https://internshala.com/student/dashboard,79,11,link
667,4218,3/13/2026,19:42:33,internshala - Google Search,https://www.google.com/search?q=internshala&oq=in&gs_lcrp=EgZjaHJvbWUqDAgEECMYJxiABBiKBTIGCAAQRRg5MgYIARBFGDwyDQgCEAAYgwEYsQMYgAQyDAgDECMYJxiABBiKBTIMCAQQIxgnGIAEGIoFMgYIBRBFGDwyBggGEEUYPDIGCAcQRRg80gEINTQ2OWowajeoAgCwAgA&sourceid=chrome&ie=UTF-8&zx=1773411153643&no_sw_cr=1,1,0,link
668,4217,3/13/2026,19:42:30,internshala - Google Search,https://www.google.com/search?q=internshala&oq=in&gs_lcrp=EgZjaHJvbWUqDAgEECMYJxiABBiKBTIGCAAQRRg5MgYIARBFGDwyDQgCEAAYgwEYsQMYgAQyDAgDECMYJxiABBiKBTIMCAQQIxgnGIAEGIoFMgYIBRBFGDwyBggGEEUYPDIGCAcQRRg80gEINTQ2OWowajeoAgCwAgA&sourceid=chrome&ie=UTF-8,1,0,generated
669,4193,3/11/2026,17:30:58,Meet – Sumit Sharma and Data Science,https://meet.google.com/hks-gehq-vfa,3,0,link
670,4216,3/11/2026,17:25:52,Welcome to Colab - Colab,https://colab.research.google.com/#scrollTo=WJjhNlOxuIFI,2,0,link
671,4216,3/11/2026,17:16:46,Welcome to Colab - Colab,https://colab.research.google.com/#scrollTo=WJjhNlOxuIFI,2,0,link
672,4215,3/11/2026,17:16:40,Welcome to Colab - Colab,https://colab.research.google.com/#,1,0,link
673,4214,3/11/2026,17:16:34,Welcome to Colab - Colab,https://colab.research.google.com/,2,0,link
674,4213,3/11/2026,17:16:32,google colab - Google Search,https://www.google.com/search?q=google+colab&oq=google+coll&gs_lcrp=EgZjaHJvbWUqEQgBEAAYChgLGIMBGLEDGIAEMgYIABBFGDkyEQgBEAAYChgLGIMBGLEDGIAEMhEIAhAAGAoYCxiDARixAxiABDIRCAMQABgKGAsYgwEYsQMYgAQyDggEEAAYChgLGLEDGIAEMg4IBRAAGAoYCxixAxiABDIRCAYQABgKGAsYgwEYsQMYgAQyBggHEAUYQNIBCDkzNjJqMGo3qAIAsAIA&sourceid=chrome&ie=UTF-8,2,0,generated
675,4214,3/11/2026,17:16:18,Welcome to Colab - Colab,https://colab.research.google.com/,2,0,link
676,4213,3/11/2026,17:16:15,google colab - Google Search,https://www.google.com/search?q=google+colab&oq=google+coll&gs_lcrp=EgZjaHJvbWUqEQgBEAAYChgLGIMBGLEDGIAEMgYIABBFGDkyEQgBEAAYChgLGIMBGLEDGIAEMhEIAhAAGAoYCxiDARixAxiABDIRCAMQABgKGAsYgwEYsQMYgAQyDggEEAAYChgLGLEDGIAEMg4IBRAAGAoYCxixAxiABDIRCAYQABgKGAsYgwEYsQMYgAQyBggHEAUYQNIBCDkzNjJqMGo3qAIAsAIA&sourceid=chrome&ie=UTF-8,2,0,generated
677,4212,3/11/2026,16:53:04,MYSQL : Rated books - Google Docs,https://docs.google.com/document/d/1SGt-o8cLmb_2_IW_pyzemvAnFLfvW1KceFdJ2cXr65c/edit?tab=t.0,1,0,link
678,4211,3/11/2026,16:53:01,MYSQL : Rated books - Google Docs,https://docs.google.com/document/d/1SGt-o8cLmb_2_IW_pyzemvAnFLfvW1KceFdJ2cXr65c/edit?usp=sharing,1,0,link
679,4209,3/11/2026,16:41:37,Copy of BigBasket.xlsx - Google Sheets,https://docs.google.com/spreadsheets/d/1JYkavVzvTCYHiZ_dLVVQ1p6kyJxp5K1w/edit?gid=75868821#gid=75868821,8,0,link
680,4210,3/11/2026,16:41:17,Copy of BigBasket.xlsx - Google Sheets,https://docs.google.com/spreadsheets/d/1JYkavVzvTCYHiZ_dLVVQ1p6kyJxp5K1w/edit?gid=1811577606#gid=1811577606,7,0,link
681,4209,3/11/2026,16:41:00,Copy of BigBasket.xlsx - Google Sheets,https://docs.google.com/spreadsheets/d/1JYkavVzvTCYHiZ_dLVVQ1p6kyJxp5K1w/edit?gid=75868821#gid=75868821,8,0,link
682,4210,3/11/2026,16:40:55,Copy of BigBasket.xlsx - Google Sheets,https://docs.google.com/spreadsheets/d/1JYkavVzvTCYHiZ_dLVVQ1p6kyJxp5K1w/edit?gid=1811577606#gid=1811577606,7,0,link
683,4209,3/11/2026,16:40:33,Copy of BigBasket.xlsx - Google Sheets,https://docs.google.com/spreadsheets/d/1JYkavVzvTCYHiZ_dLVVQ1p6kyJxp5K1w/edit?gid=75868821#gid=75868821,8,0,link
684,4210,3/11/2026,16:40:21,Copy of BigBasket.xlsx - Google Sheets,https://docs.google.com/spreadsheets/d/1JYkavVzvTCYHiZ_dLVVQ1p6kyJxp5K1w/edit?gid=1811577606#gid=1811577606,7,0,link
685,4209,3/11/2026,16:40:15,Copy of BigBasket.xlsx - Google Sheets,https://docs.google.com/spreadsheets/d/1JYkavVzvTCYHiZ_dLVVQ1p6kyJxp5K1w/edit?gid=75868821#gid=75868821,8,0,link
686,4210,3/11/2026,16:40:11,Copy of BigBasket.xlsx - Google Sheets,https://docs.google.com/spreadsheets/d/1JYkavVzvTCYHiZ_dLVVQ1p6kyJxp5K1w/edit?gid=1811577606#gid=1811577606,7,0,link
687,4209,3/11/2026,16:39:13,Copy of BigBasket.xlsx - Google Sheets,https://docs.google.com/spreadsheets/d/1JYkavVzvTCYHiZ_dLVVQ1p6kyJxp5K1w/edit?gid=75868821#gid=75868821,8,0,link
688,4210,3/11/2026,16:38:50,Copy of BigBasket.xlsx - Google Sheets,https://docs.google.com/spreadsheets/d/1JYkavVzvTCYHiZ_dLVVQ1p6kyJxp5K1w/edit?gid=1811577606#gid=1811577606,7,0,link
689,4209,3/11/2026,16:38:31,Copy of BigBasket.xlsx - Google Sheets,https://docs.google.com/spreadsheets/d/1JYkavVzvTCYHiZ_dLVVQ1p6kyJxp5K1w/edit?gid=75868821#gid=75868821,8,0,link
690,4210,3/11/2026,16:38:25,Copy of BigBasket.xlsx - Google Sheets,https://docs.google.com/spreadsheets/d/1JYkavVzvTCYHiZ_dLVVQ1p6kyJxp5K1w/edit?gid=1811577606#gid=1811577606,7,0,link
691,4209,3/11/2026,16:37:48,Copy of BigBasket.xlsx - Google Sheets,https://docs.google.com/spreadsheets/d/1JYkavVzvTCYHiZ_dLVVQ1p6kyJxp5K1w/edit?gid=75868821#gid=75868821,8,0,link
692,4210,3/11/2026,16:37:46,Copy of BigBasket.xlsx - Google Sheets,https://docs.google.com/spreadsheets/d/1JYkavVzvTCYHiZ_dLVVQ1p6kyJxp5K1w/edit?gid=1811577606#gid=1811577606,7,0,link
693,4209,3/11/2026,16:37:39,Copy of BigBasket.xlsx - Google Sheets,https://docs.google.com/spreadsheets/d/1JYkavVzvTCYHiZ_dLVVQ1p6kyJxp5K1w/edit?gid=75868821#gid=75868821,8,0,link
694,4208,3/11/2026,16:37:38,Copy of BigBasket.xlsx - Google Sheets,https://docs.google.com/spreadsheets/d/1JYkavVzvTCYHiZ_dLVVQ1p6kyJxp5K1w/edit,1,0,link
695,4207,3/11/2026,16:37:36,Copy of BigBasket.xlsx - Google Sheets,https://docs.google.com/spreadsheets/u/0/d/1JYkavVzvTCYHiZ_dLVVQ1p6kyJxp5K1w/edit?fromCopy=true,1,0,link
696,4206,3/11/2026,16:37:29,Loading Google Sheets,https://docs.google.com/spreadsheets/u/0/d/1JYkavVzvTCYHiZ_dLVVQ1p6kyJxp5K1w/edit?fromCopy=true&ct=2&cct=0,1,0,link
697,4194,3/11/2026,16:35:48,BigBasket.xlsx - Google Sheets,https://docs.google.com/spreadsheets/d/1W9Mn36CPV6X5Kf3w-ATQ2X2LoCLN4ZpS/edit?gid=75868821#gid=75868821,5,0,link
698,4202,3/11/2026,16:35:47,BigBasket.xlsx - Google Sheets,https://docs.google.com/spreadsheets/d/1W9Mn36CPV6X5Kf3w-ATQ2X2LoCLN4ZpS/edit?rtpof=true&gid=75868821#gid=75868821,1,0,link
699,4201,3/11/2026,16:35:46,BigBasket.xlsx - Google Sheets,https://docs.google.com/spreadsheets/d/1W9Mn36CPV6X5Kf3w-ATQ2X2LoCLN4ZpS/edit?rtpof=true,1,0,link
700,4200,3/11/2026,16:35:44,BigBasket.xlsx - Google Sheets,https://docs.google.com/spreadsheets/u/0/d/1W9Mn36CPV6X5Kf3w-ATQ2X2LoCLN4ZpS/edit?rtpof=true,1,0,link
701,4199,3/11/2026,16:35:25,Untitled spreadsheet - Google Sheets,https://docs.google.com/spreadsheets/d/17U8fg0HI8eGwrmCnCm2c0R-YKeQz_FEcsMzPixB2jXk/edit?gid=0#gid=0,1,0,link
702,4198,3/11/2026,16:35:24,Untitled spreadsheet - Google Sheets,https://docs.google.com/spreadsheets/d/17U8fg0HI8eGwrmCnCm2c0R-YKeQz_FEcsMzPixB2jXk/edit,1,0,link
703,4197,3/11/2026,16:35:20,Untitled spreadsheet - Google Sheets,https://docs.google.com/spreadsheets/create,1,0,link
704,4196,3/11/2026,16:35:19,google sheets excel - Google Search,https://www.google.com/search?q=google+sheets+excel&sca_esv=76a18ee69d7f7d9a&sxsrf=ANbL-n6_dwKwVygoktaxKKk_59oOnO-opA%3A1773227107123&ei=Y0yxaa6WB8me4-EPzoOIqA4&biw=1366&bih=641&oq=google+sheets+exc&gs_lp=Egxnd3Mtd2l6LXNlcnAiEWdvb2dsZSBzaGVldHMgZXhjKgIIADIQEAAYgAQYsQMYgwEYFBiHAjILEAAYgAQYkQIYigUyCxAAGIAEGJECGIoFMgsQABiABBiRAhiKBTILEAAYgAQYkQIYigUyCxAAGIAEGJECGIoFMgUQABiABDIFEAAYgAQyBRAAGIAEMgoQABiABBgUGIcCSIEoUJMEWLwYcAF4AZABAJgB-AGgAdIGqgEFMC4xLjO4AQPIAQD4AQGYAgWgAsoHwgIKEAAYsAMY1gQYR8ICDRAAGIAEGLADGEMYigXCAhcQLhiwAxi4BhjYAhjIAxjaBhjcBtgBAcICCBAAGIAEGLEDmAMAiAYBkAYUugYGCAEQARgZkgcFMS4xLjOgB90XsgcFMC4xLjO4B5kHwgcHMy0zLjEuMcgHcYAIAA&sclient=gws-wiz-serp,2,0,link
705,4196,3/11/2026,16:35:18,google sheets excel - Google Search,https://www.google.com/search?q=google+sheets+excel&sca_esv=76a18ee69d7f7d9a&sxsrf=ANbL-n6_dwKwVygoktaxKKk_59oOnO-opA%3A1773227107123&ei=Y0yxaa6WB8me4-EPzoOIqA4&biw=1366&bih=641&oq=google+sheets+exc&gs_lp=Egxnd3Mtd2l6LXNlcnAiEWdvb2dsZSBzaGVldHMgZXhjKgIIADIQEAAYgAQYsQMYgwEYFBiHAjILEAAYgAQYkQIYigUyCxAAGIAEGJECGIoFMgsQABiABBiRAhiKBTILEAAYgAQYkQIYigUyCxAAGIAEGJECGIoFMgUQABiABDIFEAAYgAQyBRAAGIAEMgoQABiABBgUGIcCSIEoUJMEWLwYcAF4AZABAJgB-AGgAdIGqgEFMC4xLjO4AQPIAQD4AQGYAgWgAsoHwgIKEAAYsAMY1gQYR8ICDRAAGIAEGLADGEMYigXCAhcQLhiwAxi4BhjYAhjIAxjaBhjcBtgBAcICCBAAGIAEGLEDmAMAiAYBkAYUugYGCAEQARgZkgcFMS4xLjOgB90XsgcFMC4xLjO4B5kHwgcHMy0zLjEuMcgHcYAIAA&sclient=gws-wiz-serp,2,0,form_submit
706,4195,3/11/2026,16:35:06,google sheets - Google Search,https://www.google.com/search?q=google+sheets&oq=google+shee&gs_lcrp=EgZjaHJvbWUqDQgBEAAYgwEYsQMYgAQyBggAEEUYOTINCAEQABiDARixAxiABDIKCAIQABixAxiABDISCAMQABgUGIMBGIcCGLEDGIAEMgcIBBAAGIAEMgcIBRAAGIAEMg0IBhAAGIMBGLEDGIAEMgYIBxBFGDzSAQg3MDAwajBqN6gCALACAA&sourceid=chrome&ie=UTF-8,1,0,generated
707,4194,3/11/2026,16:33:51,BigBasket.xlsx - Google Sheets,https://docs.google.com/spreadsheets/d/1W9Mn36CPV6X5Kf3w-ATQ2X2LoCLN4ZpS/edit?gid=75868821#gid=75868821,5,0,link
708,4194,3/11/2026,16:33:51,BigBasket.xlsx - Google Sheets,https://docs.google.com/spreadsheets/d/1W9Mn36CPV6X5Kf3w-ATQ2X2LoCLN4ZpS/edit?gid=75868821#gid=75868821,5,0,link
709,4194,3/11/2026,16:33:50,BigBasket.xlsx - Google Sheets,https://docs.google.com/spreadsheets/d/1W9Mn36CPV6X5Kf3w-ATQ2X2LoCLN4ZpS/edit?gid=75868821#gid=75868821,5,0,link
710,4194,3/11/2026,16:33:40,BigBasket.xlsx - Google Sheets,https://docs.google.com/spreadsheets/d/1W9Mn36CPV6X5Kf3w-ATQ2X2LoCLN4ZpS/edit?gid=75868821#gid=75868821,5,0,link
711,4193,3/11/2026,16:16:28,Meet – Sumit Sharma and Data Science,https://meet.google.com/hks-gehq-vfa,3,0,link
712,4193,3/11/2026,16:05:28,Meet – Sumit Sharma and Data Science,https://meet.google.com/hks-gehq-vfa,3,0,link
713,585,3/11/2026,16:04:57,Data Science Course Overview - Internshala Trainings,https://trainings.internshala.com/pgc/dashboard/data-science-specialization-v3/overview/,176,0,link
714,583,3/11/2026,16:04:52,Internshala Trainings,https://trainings.internshala.com/dashboard/specializations/?tracking_source=signup,99,0,link
715,582,3/11/2026,16:04:48,Data Science Placement Course with AI,https://trainings.internshala.com/data-science-placement-guarantee-course/?utm_source=is_web_custom_homepage_banner,93,0,link
716,4191,3/11/2026,15:57:49,Google Meet,https://meet.google.com/landing?authuser=0,1,0,link
717,4189,3/11/2026,15:57:46,vlookup excel - Google Search,https://www.google.com/search?q=vlookup+excel&sca_esv=76a18ee69d7f7d9a&sxsrf=ANbL-n6UjK1vtcPdlfW4sZDmo9LWDFzQgA%3A1773224729791&ei=GUOxabj7L-bz4-EPpOqBsA4&biw=1366&bih=641&oq=vloo&gs_lp=Egxnd3Mtd2l6LXNlcnAiBHZsb28qAggBMhAQABiABBixAxhDGIMBGIoFMg0QABiABBixAxhDGIoFMgoQABiABBhDGIoFMg0QABiABBixAxhDGIoFMggQABiABBixAzIKEAAYgAQYQxiKBTIIEAAYgAQYsQMyChAAGIAEGEMYigUyBxAAGIAEGAoyBRAAGIAESNFYUNkSWNYhcAF4AZABAJgBlAKgAa4GqgEFMC4yLjK4AQPIAQD4AQGYAgWgAoMHqAIUwgIHECMYJxjqAsICDRAjGPAFGCcY6gIYngbCAhYQABiABBhDGLQCGOcGGIoFGOoC2AEBwgIKECMYgAQYJxiKBcICCxAAGIAEGJECGIoFwgIIEC4YgAQYsQPCAggQLhiABBjlBMICCxAuGIAEGJECGIoFwgIaEC4YgAQYkQIYigUYlwUY3AQY3gQY4ATYAQGYAxzxBXUXS4d91jmwugYGCAEQARgBkgcFMS4yLjKgB_4ksgcFMC4yLjK4B-cGwgcFMy00LjHIB0-ACAA&sclient=gws-wiz-serp,1,0,form_submit
718,585,3/11/2026,15:57:09,Data Science Course Overview - Internshala Trainings,https://trainings.internshala.com/pgc/dashboard/data-science-specialization-v3/overview/,176,0,link
719,583,3/11/2026,15:57:05,Internshala Trainings,https://trainings.internshala.com/dashboard/specializations/?tracking_source=signup,99,0,link
720,582,3/11/2026,15:57:01,Data Science Placement Course with AI,https://trainings.internshala.com/data-science-placement-guarantee-course/?utm_source=is_web_custom_homepage_banner,93,0,link
721,581,3/11/2026,15:56:58,Internships | Jobs | Trainings & Placement Courses | Post a Job,https://internshala.com/student/dashboard,79,11,typed
722,4188,3/11/2026,15:55:29,example of unsupervised learning - Google Search,https://www.google.com/search?q=example+of+unsupervised+learning&oq=example+of+unsu&gs_lcrp=EgZjaHJvbWUqBwgBEAAYgAQyBggAEEUYOTIHCAEQABiABDIHCAIQABiABDIHCAMQABiABDIHCAQQABiABDIHCAUQABiABDIHCAYQABiABDIHCAcQABiABDIHCAgQABiABDIHCAkQABiABNIBCTEzNzM4ajBqN6gCALACAA&sourceid=chrome&ie=UTF-8,1,0,generated
723,4187,3/11/2026,15:46:27,Meet – dnc-itqk-bvg,https://meet.google.com/dnc-itqk-bvg?authuser=0,1,0,link
724,4186,3/11/2026,15:46:11,Meet,https://meet.google.com/dnc-itqk-bvg?hs=197&hs=187&authuser=0&ijlm=1773224170382&adhoc=1,1,0,link
725,4184,3/11/2026,15:46:02,Google Meet,https://meet.google.com/landing?hs=197&authuser=0,3,0,link
726,4184,3/11/2026,15:45:59,Google Meet,https://meet.google.com/landing?hs=197&authuser=0,3,0,link
727,4185,3/11/2026,15:45:57,Google Meet,https://meet.google.com/landing?hs=197&authuser=0&calling=1,1,0,link
728,4184,3/11/2026,15:45:49,Google Meet,https://meet.google.com/landing?hs=197&authuser=0,3,0,reload
729,4184,3/11/2026,15:45:43,Google Meet,https://meet.google.com/landing?hs=197&authuser=0,3,0,link
